ip_len,ip_ttl,ip_proto,payload_entropy,tcp_sport,tcp_dport,tcp_flags,tcp_window,udp_sport,udp_dport,udp_len,icmp_type,icmp_code,timestamp,label
955,185,17,6.760030114979611,0,0,0,0,19028,161,1384,-1,-1,1745793455.28225,1
320,104,6,6.794212121358836,15064,1024,16,58450,0,0,0,-1,-1,1745793456.28225,1
563,177,17,3.385581133041071,0,0,0,0,61599,53,1223,-1,-1,1745793457.28225,1
1428,251,17,0.5543957371187815,0,0,0,0,13943,123,886,-1,-1,1745793458.28225,0
1009,79,17,1.659423492689477,0,0,0,0,30323,123,1004,-1,-1,1745793459.28225,1
304,126,1,4.194099371061539,0,0,0,0,0,0,0,8,0,1745793460.28225,1
457,46,1,6.6912388096747515,0,0,0,0,0,0,0,8,0,1745793461.28225,1
1272,44,1,3.9891813336350133,0,0,0,0,0,0,0,8,0,1745793462.28225,1
1077,173,1,4.304843397218853,0,0,0,0,0,0,0,0,0,1745793463.28225,0
1136,128,17,7.774513759564913,0,0,0,0,25197,123,285,-1,-1,1745793464.28225,0
995,100,1,5.59846063086084,0,0,0,0,0,0,0,0,0,1745793465.28225,0
112,95,1,2.7121887418706976,0,0,0,0,0,0,0,0,0,1745793466.28225,0
1341,140,17,2.497923885286321,0,0,0,0,26394,161,441,-1,-1,1745793467.28225,1
894,201,17,4.174067406793556,0,0,0,0,33529,53,1400,-1,-1,1745793468.28225,0
1472,220,6,6.215397674995709,17411,3389,16,22597,0,0,0,-1,-1,1745793469.28225,1
1057,126,17,0.441471862490344,0,0,0,0,60506,53,187,-1,-1,1745793470.28225,1
1044,79,6,5.556147623001243,54864,1024,2,33342,0,0,0,-1,-1,1745793471.28225,1
1186,118,17,7.762992976270081,0,0,0,0,35651,53,130,-1,-1,1745793472.28225,0
485,106,1,7.660316230833766,0,0,0,0,0,0,0,0,0,1745793473.28225,0
354,118,1,1.6009230060017394,0,0,0,0,0,0,0,8,0,1745793474.28225,1
454,128,6,3.8320689797780716,40359,443,2,36818,0,0,0,-1,-1,1745793475.28225,1
842,247,1,3.0715642910799144,0,0,0,0,0,0,0,0,0,1745793476.28225,1
314,108,17,1.450885135016935,0,0,0,0,39361,123,1353,-1,-1,1745793477.28225,1
1330,122,17,0.8952383739181551,0,0,0,0,49319,161,844,-1,-1,1745793478.28225,1
596,75,1,5.175493296824641,0,0,0,0,0,0,0,8,0,1745793479.28225,1
610,150,6,6.884261077538045,25333,443,24,34567,0,0,0,-1,-1,1745793480.28225,0
994,252,17,0.015015641549629422,0,0,0,0,34578,161,884,-1,-1,1745793481.28225,1
1158,213,17,1.2207694512636236,0,0,0,0,42580,123,1306,-1,-1,1745793482.28225,0
1460,128,17,2.3241761836675634,0,0,0,0,18639,161,118,-1,-1,1745793483.28225,0
607,161,1,3.72023142303484,0,0,0,0,0,0,0,8,0,1745793484.28225,1
1429,196,17,2.9550999515384193,0,0,0,0,23615,53,1173,-1,-1,1745793485.28225,0
1138,234,1,2.1234381280478525,0,0,0,0,0,0,0,0,0,1745793486.28225,0
775,209,6,5.288591023499749,61953,443,24,46181,0,0,0,-1,-1,1745793487.28225,0
655,155,6,0.6147175619492291,15378,22,2,48966,0,0,0,-1,-1,1745793488.28225,0
1220,83,17,1.0149475021991607,0,0,0,0,34798,53,1008,-1,-1,1745793489.28225,1
622,58,1,5.106596698604858,0,0,0,0,0,0,0,8,0,1745793490.28225,1
813,149,6,5.267775512147871,62790,443,16,52322,0,0,0,-1,-1,1745793491.28225,0
369,122,17,2.42725429362219,0,0,0,0,12009,123,500,-1,-1,1745793492.28225,0
345,240,17,5.148864404584972,0,0,0,0,28682,53,813,-1,-1,1745793493.28225,1
337,39,1,6.719486369124317,0,0,0,0,0,0,0,8,0,1745793494.28225,1
117,234,17,0.3474372685786342,0,0,0,0,26402,53,376,-1,-1,1745793495.28225,1
853,167,1,1.170494335777157,0,0,0,0,0,0,0,8,0,1745793496.28225,1
1459,183,6,7.267054976447172,44632,443,24,59665,0,0,0,-1,-1,1745793497.28225,1
1397,234,1,2.3479245685870405,0,0,0,0,0,0,0,8,0,1745793498.28225,0
930,42,6,2.405159867885529,15265,80,24,42689,0,0,0,-1,-1,1745793499.28225,0
526,75,1,3.5695135898304455,0,0,0,0,0,0,0,8,0,1745793500.28225,1
141,64,1,1.7032532444715924,0,0,0,0,0,0,0,8,0,1745793501.28225,1
871,39,17,7.474361039706746,0,0,0,0,25102,53,293,-1,-1,1745793502.28225,0
550,69,1,1.0942530741870478,0,0,0,0,0,0,0,8,0,1745793503.28225,0
678,35,1,0.5376293420111748,0,0,0,0,0,0,0,0,0,1745793504.28225,0
190,199,6,5.6536503280736845,42282,80,2,52235,0,0,0,-1,-1,1745793505.28225,1
1431,222,1,6.787812955912135,0,0,0,0,0,0,0,8,0,1745793506.28225,1
542,136,6,0.025782291495094256,1627,3389,24,23264,0,0,0,-1,-1,1745793507.28225,0
1495,151,6,3.239135843479777,36082,80,2,57925,0,0,0,-1,-1,1745793508.28225,0
353,195,17,0.8718898283657257,0,0,0,0,49016,161,354,-1,-1,1745793509.28225,1
967,80,6,7.12962748023221,43615,22,2,63376,0,0,0,-1,-1,1745793510.28225,1
1368,206,6,4.905939418081744,61575,1024,24,34694,0,0,0,-1,-1,1745793511.28225,1
1484,87,1,0.5039345530642283,0,0,0,0,0,0,0,8,0,1745793512.28225,1
507,114,1,7.917329592062754,0,0,0,0,0,0,0,8,0,1745793513.28225,0
1434,131,6,3.8813414868321576,56814,3389,24,49621,0,0,0,-1,-1,1745793514.28225,1
450,135,6,6.68372187555132,8683,3389,2,7448,0,0,0,-1,-1,1745793515.28225,1
962,63,6,4.127612430839981,53404,443,16,26808,0,0,0,-1,-1,1745793516.28225,0
649,205,17,2.5295432249228496,0,0,0,0,4715,123,339,-1,-1,1745793517.28225,1
900,132,6,6.7749044610988305,15992,3389,24,26559,0,0,0,-1,-1,1745793518.28225,1
178,85,6,3.2514619300599614,61668,443,24,65084,0,0,0,-1,-1,1745793519.28225,1
1027,44,6,3.340706151605124,9530,22,2,45711,0,0,0,-1,-1,1745793520.28225,1
389,105,1,5.757876091728798,0,0,0,0,0,0,0,8,0,1745793521.28225,1
950,242,17,3.888268569630042,0,0,0,0,18316,123,1187,-1,-1,1745793522.28225,1
811,78,1,3.360816476800127,0,0,0,0,0,0,0,0,0,1745793523.28225,0
62,196,17,3.8032254496857103,0,0,0,0,17585,161,612,-1,-1,1745793524.28225,0
1097,221,17,6.827858131092652,0,0,0,0,33914,53,54,-1,-1,1745793525.28225,0
1381,188,6,4.612475965722509,55183,443,16,10207,0,0,0,-1,-1,1745793526.28225,0
1408,221,1,3.5760652572673974,0,0,0,0,0,0,0,8,0,1745793527.28225,1
361,205,1,3.0088980403777548,0,0,0,0,0,0,0,0,0,1745793528.28225,1
1490,110,6,2.5431944366227848,15169,80,16,10097,0,0,0,-1,-1,1745793529.28225,1
1230,134,1,1.6244612701604852,0,0,0,0,0,0,0,0,0,1745793530.28225,0
566,81,6,3.8177923305750774,60128,80,24,46957,0,0,0,-1,-1,1745793531.28225,0
1214,234,1,0.871893950171815,0,0,0,0,0,0,0,0,0,1745793532.28225,1
481,238,6,1.3968408302842041,21898,1024,2,44370,0,0,0,-1,-1,1745793533.28225,0
347,76,6,6.674737788562628,63773,3389,16,31025,0,0,0,-1,-1,1745793534.28225,0
730,210,6,2.322321842833391,25914,22,24,21264,0,0,0,-1,-1,1745793535.28225,0
308,49,6,7.903839913053696,27639,3389,16,54105,0,0,0,-1,-1,1745793536.28225,1
393,142,17,0.32517975537558375,0,0,0,0,13947,161,503,-1,-1,1745793537.28225,0
1080,214,17,4.105283074821881,0,0,0,0,58894,53,475,-1,-1,1745793538.28225,1
305,119,1,6.627468322965715,0,0,0,0,0,0,0,0,0,1745793539.28225,0
519,224,17,7.3403520790179435,0,0,0,0,47624,123,854,-1,-1,1745793540.28225,1
953,146,17,6.285878474132221,0,0,0,0,55287,161,1424,-1,-1,1745793541.28225,1
806,204,1,7.513091803764352,0,0,0,0,0,0,0,8,0,1745793542.28225,0
500,226,17,2.914320596516042,0,0,0,0,65063,123,393,-1,-1,1745793543.28225,0
1293,101,6,7.498072543937417,10484,443,24,45686,0,0,0,-1,-1,1745793544.28225,0
1434,89,6,4.75238786043947,6630,80,16,37807,0,0,0,-1,-1,1745793545.28225,1
423,32,17,3.2405624043429384,0,0,0,0,25923,123,565,-1,-1,1745793546.28225,0
759,217,1,2.6881672013288282,0,0,0,0,0,0,0,8,0,1745793547.28225,1
224,37,6,0.5814447640455453,37079,3389,16,33985,0,0,0,-1,-1,1745793548.28225,1
366,122,1,1.7872921336456153,0,0,0,0,0,0,0,8,0,1745793549.28225,0
379,179,6,7.165177069813799,37043,3389,24,12396,0,0,0,-1,-1,1745793550.28225,0
1303,122,1,1.1305716556980308,0,0,0,0,0,0,0,0,0,1745793551.28225,1
46,88,17,6.7219615963808454,0,0,0,0,13576,161,194,-1,-1,1745793552.28225,1
530,109,17,3.700465448992343,0,0,0,0,18946,161,696,-1,-1,1745793553.28225,0
665,107,17,4.706861831411787,0,0,0,0,42606,53,1260,-1,-1,1745793554.28225,0
582,142,1,5.8228710835034025,0,0,0,0,0,0,0,0,0,1745793555.28225,0
1160,223,6,6.931898611297165,45329,1024,24,17703,0,0,0,-1,-1,1745793556.28225,0
313,94,6,4.760176167166272,39333,22,16,2608,0,0,0,-1,-1,1745793557.28225,1
1382,50,17,6.576746029567836,0,0,0,0,63619,53,1207,-1,-1,1745793558.28225,0
1229,125,6,1.4459308092216494,51253,1024,2,39014,0,0,0,-1,-1,1745793559.28225,0
75,214,6,7.313162507287195,53725,22,2,23531,0,0,0,-1,-1,1745793560.28225,1
679,117,17,0.13635897851846046,0,0,0,0,20875,123,1089,-1,-1,1745793561.28225,0
72,86,17,2.469235638754782,0,0,0,0,22741,123,703,-1,-1,1745793562.28225,1
924,120,1,7.040447636367423,0,0,0,0,0,0,0,0,0,1745793563.28225,0
479,223,6,1.905914185351456,38544,3389,16,21421,0,0,0,-1,-1,1745793564.28225,0
531,136,17,2.9696170764907928,0,0,0,0,4075,123,821,-1,-1,1745793565.28225,1
559,144,17,0.31590816783876985,0,0,0,0,40724,123,1185,-1,-1,1745793566.28225,1
521,57,6,4.703808475291225,52134,1024,16,58873,0,0,0,-1,-1,1745793567.28225,1
438,185,1,6.07571377359325,0,0,0,0,0,0,0,8,0,1745793568.28225,1
935,209,6,5.030835218520728,14382,22,24,57653,0,0,0,-1,-1,1745793569.28225,0
226,38,1,4.614006663404863,0,0,0,0,0,0,0,8,0,1745793570.28225,0
160,62,17,1.8308184407010204,0,0,0,0,8384,161,164,-1,-1,1745793571.28225,1
479,45,17,0.09322413163840615,0,0,0,0,10329,53,693,-1,-1,1745793572.28225,0
525,150,1,6.808913809355577,0,0,0,0,0,0,0,8,0,1745793573.28225,1
1029,108,1,3.129762225644222,0,0,0,0,0,0,0,0,0,1745793574.28225,0
819,144,17,0.1960283674500909,0,0,0,0,60956,123,147,-1,-1,1745793575.28225,0
415,125,1,3.4331724350047006,0,0,0,0,0,0,0,8,0,1745793576.28225,0
532,200,17,1.6911301566081143,0,0,0,0,42706,161,1118,-1,-1,1745793577.28225,0
1038,251,17,5.74432751235587,0,0,0,0,43162,123,1367,-1,-1,1745793578.28225,1
493,237,17,6.646589460121067,0,0,0,0,13045,53,537,-1,-1,1745793579.28225,0
1147,93,17,5.251070120902582,0,0,0,0,49351,53,925,-1,-1,1745793580.28225,1
93,89,17,4.769128830252233,0,0,0,0,46197,53,1045,-1,-1,1745793581.28225,0
908,155,1,4.76514886551617,0,0,0,0,0,0,0,8,0,1745793582.28225,1
1256,211,6,1.9462229765982544,38986,1024,24,36681,0,0,0,-1,-1,1745793583.28225,1
1062,172,17,6.6848584552577455,0,0,0,0,28867,123,68,-1,-1,1745793584.28225,0
1036,115,1,4.5917418102163845,0,0,0,0,0,0,0,8,0,1745793585.28225,1
1247,118,1,0.5396166564083407,0,0,0,0,0,0,0,8,0,1745793586.28225,0
747,175,1,6.959263223637114,0,0,0,0,0,0,0,8,0,1745793587.28225,1
64,118,17,7.5100816161540305,0,0,0,0,23525,161,494,-1,-1,1745793588.28225,1
560,87,6,7.2953474159116105,48201,22,24,10253,0,0,0,-1,-1,1745793589.28225,1
1130,212,6,5.509480438956203,49496,443,24,36235,0,0,0,-1,-1,1745793590.28225,0
152,59,6,7.13818893962275,25899,1024,16,36248,0,0,0,-1,-1,1745793591.28225,1
48,115,17,0.5493245420455555,0,0,0,0,17901,123,624,-1,-1,1745793592.28225,0
296,140,6,7.63541102185167,27838,80,24,11633,0,0,0,-1,-1,1745793593.28225,1
1341,82,17,6.633463100348394,0,0,0,0,64468,123,1054,-1,-1,1745793594.28225,0
1168,39,17,5.173223605940188,0,0,0,0,18509,161,704,-1,-1,1745793595.28225,0
131,202,1,0.41220114162139865,0,0,0,0,0,0,0,0,0,1745793596.28225,1
198,84,1,2.545693480919253,0,0,0,0,0,0,0,8,0,1745793597.28225,1
48,49,17,3.450383109906668,0,0,0,0,33447,123,68,-1,-1,1745793598.28225,0
467,232,1,3.2241304886353186,0,0,0,0,0,0,0,0,0,1745793599.28225,0
1499,129,17,6.762357529356923,0,0,0,0,39424,161,971,-1,-1,1745793600.28225,1
109,145,1,7.808399338206407,0,0,0,0,0,0,0,8,0,1745793601.28225,0
1113,196,1,2.0855287389675015,0,0,0,0,0,0,0,8,0,1745793602.28225,0
1181,202,1,2.4805751459955285,0,0,0,0,0,0,0,0,0,1745793603.28225,0
1199,125,1,0.1665785223380798,0,0,0,0,0,0,0,8,0,1745793604.28225,1
232,48,1,3.1661010628703288,0,0,0,0,0,0,0,0,0,1745793605.28225,0
1119,161,6,4.712416693398099,34809,443,24,43517,0,0,0,-1,-1,1745793606.28225,1
1070,117,1,0.3230402050852694,0,0,0,0,0,0,0,8,0,1745793607.28225,0
1437,219,1,3.0636579880043344,0,0,0,0,0,0,0,8,0,1745793608.28225,1
1329,252,6,0.0048069832112931365,33303,3389,16,59491,0,0,0,-1,-1,1745793609.28225,0
782,140,17,6.575339429836035,0,0,0,0,47416,53,1352,-1,-1,1745793610.28225,1
1049,175,17,4.315635878411352,0,0,0,0,46093,53,750,-1,-1,1745793611.28225,1
186,220,6,2.671589033290563,49524,3389,16,3523,0,0,0,-1,-1,1745793612.28225,0
1432,169,6,2.122488186531921,4651,22,16,12617,0,0,0,-1,-1,1745793613.28225,1
1344,116,17,0.6948856643783872,0,0,0,0,18015,161,528,-1,-1,1745793614.28225,1
1024,227,1,7.780911896259497,0,0,0,0,0,0,0,8,0,1745793615.28225,0
1485,207,1,5.767440549452609,0,0,0,0,0,0,0,8,0,1745793616.28225,1
768,54,1,7.604668536699088,0,0,0,0,0,0,0,8,0,1745793617.28225,0
601,197,1,2.048682307081198,0,0,0,0,0,0,0,8,0,1745793618.28225,1
974,69,6,0.7474994466065263,42580,22,24,26484,0,0,0,-1,-1,1745793619.28225,0
222,68,1,1.334142333261651,0,0,0,0,0,0,0,0,0,1745793620.28225,0
1122,220,6,1.3148425247221436,18836,443,24,30189,0,0,0,-1,-1,1745793621.28225,1
1352,103,17,1.4209388679230601,0,0,0,0,53177,161,357,-1,-1,1745793622.28225,0
380,63,17,0.018051848107974777,0,0,0,0,1725,123,299,-1,-1,1745793623.28225,0
602,122,17,4.178934268286375,0,0,0,0,43348,161,539,-1,-1,1745793624.28225,0
1275,248,6,1.4507019805813446,14323,443,24,45905,0,0,0,-1,-1,1745793625.28225,1
449,77,17,6.354353847659127,0,0,0,0,51230,123,756,-1,-1,1745793626.28225,0
706,205,17,2.5500467404850244,0,0,0,0,26445,123,1389,-1,-1,1745793627.28225,0
222,190,1,5.025342069006035,0,0,0,0,0,0,0,0,0,1745793628.28225,0
1198,239,17,2.1520657237262997,0,0,0,0,23244,123,1111,-1,-1,1745793629.28225,0
925,65,1,5.986769645678956,0,0,0,0,0,0,0,0,0,1745793630.28225,1
579,77,6,1.968877585065239,22322,1024,16,62419,0,0,0,-1,-1,1745793631.28225,1
1474,186,17,2.893974104493042,0,0,0,0,45914,123,55,-1,-1,1745793632.28225,1
232,68,17,3.679194862671401,0,0,0,0,48338,53,1303,-1,-1,1745793633.28225,1
918,134,17,6.64936332907213,0,0,0,0,33921,161,1265,-1,-1,1745793634.28225,1
1078,85,17,7.048034026432114,0,0,0,0,16026,53,974,-1,-1,1745793635.28225,0
1134,217,1,4.643783663168443,0,0,0,0,0,0,0,8,0,1745793636.28225,1
1463,103,1,7.410325135720836,0,0,0,0,0,0,0,8,0,1745793637.28225,0
386,151,17,3.179723501126528,0,0,0,0,29226,161,419,-1,-1,1745793638.28225,0
638,115,6,3.342296393753208,10648,3389,16,20216,0,0,0,-1,-1,1745793639.28225,0
1410,195,1,7.733958126069691,0,0,0,0,0,0,0,0,0,1745793640.28225,1
1377,51,6,3.050210480325825,8587,80,2,54586,0,0,0,-1,-1,1745793641.28225,0
459,196,1,2.5948492757674124,0,0,0,0,0,0,0,8,0,1745793642.28225,1
183,229,17,5.6790436069163155,0,0,0,0,45676,53,884,-1,-1,1745793643.28225,0
923,118,6,5.009384797318386,60440,22,2,12917,0,0,0,-1,-1,1745793644.28225,1
708,104,17,3.3815614544201598,0,0,0,0,63565,123,712,-1,-1,1745793645.28225,0
786,145,17,7.6421105212126,0,0,0,0,65289,53,1098,-1,-1,1745793646.28225,0
533,63,17,2.4083399126842755,0,0,0,0,44672,123,251,-1,-1,1745793647.28225,0
422,142,6,6.986095199193304,50085,3389,2,6945,0,0,0,-1,-1,1745793648.28225,0
883,202,1,0.992508524482977,0,0,0,0,0,0,0,8,0,1745793649.28225,0
1091,79,6,6.737789978377792,10925,443,16,11968,0,0,0,-1,-1,1745793650.28225,0
1265,160,1,2.893399092251319,0,0,0,0,0,0,0,0,0,1745793651.28225,1
200,175,1,3.6948813664069586,0,0,0,0,0,0,0,0,0,1745793652.28225,1
843,107,17,7.036591519502621,0,0,0,0,20086,123,347,-1,-1,1745793653.28225,1
77,184,6,4.8932758732794115,1873,22,16,13084,0,0,0,-1,-1,1745793654.28225,0
419,111,6,7.943006537943856,44015,443,2,65108,0,0,0,-1,-1,1745793655.28225,1
1387,125,1,7.420789647555782,0,0,0,0,0,0,0,8,0,1745793656.28225,0
1144,248,6,3.7565161811687764,7401,80,24,10511,0,0,0,-1,-1,1745793657.28225,0
211,136,6,4.60152039725582,32895,443,2,2342,0,0,0,-1,-1,1745793658.28225,0
524,215,1,1.4355802233400334,0,0,0,0,0,0,0,0,0,1745793659.28225,0
857,73,17,1.649859277553782,0,0,0,0,17789,161,779,-1,-1,1745793660.28225,0
836,224,6,1.3833675929270797,53046,80,24,63148,0,0,0,-1,-1,1745793661.28225,0
206,87,1,3.492966478912045,0,0,0,0,0,0,0,8,0,1745793662.28225,0
1336,251,17,0.3183491143566277,0,0,0,0,64745,161,731,-1,-1,1745793663.28225,0
751,147,6,2.3963527611033726,41494,22,16,18758,0,0,0,-1,-1,1745793664.28225,1
53,227,1,5.020069426606958,0,0,0,0,0,0,0,8,0,1745793665.28225,0
731,119,6,0.8691868615179095,53096,1024,2,31060,0,0,0,-1,-1,1745793666.28225,0
374,154,6,3.4661545039626365,2517,22,2,10750,0,0,0,-1,-1,1745793667.28225,1
1400,88,17,7.871958778702287,0,0,0,0,35580,123,1028,-1,-1,1745793668.28225,1
405,249,17,6.327067310013815,0,0,0,0,58756,161,692,-1,-1,1745793669.28225,0
1187,156,17,6.401985628831097,0,0,0,0,46226,123,398,-1,-1,1745793670.28225,1
109,85,1,2.4918265998275118,0,0,0,0,0,0,0,0,0,1745793671.28225,0
1220,167,1,0.17510986020738617,0,0,0,0,0,0,0,0,0,1745793672.28225,0
1336,95,1,0.8115057684909992,0,0,0,0,0,0,0,0,0,1745793673.28225,0
962,44,6,0.1499267557002355,52698,1024,2,45103,0,0,0,-1,-1,1745793674.28225,0
1461,36,17,5.8436990237751925,0,0,0,0,27074,123,947,-1,-1,1745793675.28225,0
758,106,17,4.030375322802488,0,0,0,0,63661,161,1000,-1,-1,1745793676.28225,1
818,94,17,0.4709966300408732,0,0,0,0,64221,161,675,-1,-1,1745793677.28225,0
688,142,17,1.912253960862751,0,0,0,0,63800,53,507,-1,-1,1745793678.28225,1
630,132,17,7.774145500196745,0,0,0,0,30387,53,84,-1,-1,1745793679.28225,0
1268,66,6,3.2058209818230115,63516,1024,24,43594,0,0,0,-1,-1,1745793680.28225,1
1209,190,6,3.5339189128117416,49444,80,2,56069,0,0,0,-1,-1,1745793681.28225,0
764,192,1,5.072799001769056,0,0,0,0,0,0,0,8,0,1745793682.28225,0
758,210,17,4.183265475921141,0,0,0,0,35753,53,592,-1,-1,1745793683.28225,1
824,240,1,3.1861527401922523,0,0,0,0,0,0,0,0,0,1745793684.28225,0
381,182,1,4.353059314657778,0,0,0,0,0,0,0,0,0,1745793685.28225,1
690,119,17,4.635510699511823,0,0,0,0,56060,123,575,-1,-1,1745793686.28225,1
1383,53,6,0.4243296031674877,52991,3389,16,13175,0,0,0,-1,-1,1745793687.28225,1
501,46,1,3.331546467943763,0,0,0,0,0,0,0,0,0,1745793688.28225,1
850,125,17,4.782572504855119,0,0,0,0,21592,123,1345,-1,-1,1745793689.28225,1
1355,101,1,3.520929287781496,0,0,0,0,0,0,0,0,0,1745793690.28225,1
841,201,1,4.455653076716313,0,0,0,0,0,0,0,8,0,1745793691.28225,0
1340,248,1,6.472947241269985,0,0,0,0,0,0,0,0,0,1745793692.28225,0
634,74,1,7.4865395122610865,0,0,0,0,0,0,0,8,0,1745793693.28225,0
741,171,17,4.556625698338565,0,0,0,0,55230,123,599,-1,-1,1745793694.28225,1
680,182,17,4.544706686620886,0,0,0,0,51927,123,653,-1,-1,1745793695.28225,0
992,152,6,7.673392393035646,30580,3389,24,9921,0,0,0,-1,-1,1745793696.28225,1
841,165,6,0.5319986352507176,64354,3389,16,3364,0,0,0,-1,-1,1745793697.28225,1
250,233,1,3.084613888653749,0,0,0,0,0,0,0,8,0,1745793698.28225,0
987,39,17,1.8741750774461616,0,0,0,0,59642,123,800,-1,-1,1745793699.28225,0
989,201,6,5.604022782205411,7758,443,24,21063,0,0,0,-1,-1,1745793700.28225,0
436,163,6,0.38293085451310915,54902,443,16,24304,0,0,0,-1,-1,1745793701.28225,1
919,107,1,3.490300983551287,0,0,0,0,0,0,0,0,0,1745793702.28225,1
1294,161,6,4.171212139888438,31032,3389,24,18213,0,0,0,-1,-1,1745793703.28225,1
1104,60,17,6.432043663749318,0,0,0,0,27730,53,243,-1,-1,1745793704.28225,0
104,128,17,2.833410377315614,0,0,0,0,54886,161,545,-1,-1,1745793705.28225,1
1080,38,1,5.1048921126471,0,0,0,0,0,0,0,0,0,1745793706.28225,1
1376,73,1,3.208805882328841,0,0,0,0,0,0,0,0,0,1745793707.28225,1
1053,171,6,0.6784069287242085,32280,443,24,2438,0,0,0,-1,-1,1745793708.28225,1
152,254,1,5.393476768473974,0,0,0,0,0,0,0,8,0,1745793709.28225,1
341,151,1,1.4689497151057918,0,0,0,0,0,0,0,8,0,1745793710.28225,0
1353,132,6,3.007490324891706,47153,3389,24,18119,0,0,0,-1,-1,1745793711.28225,0
724,192,6,2.4186617624615447,34023,3389,2,51456,0,0,0,-1,-1,1745793712.28225,0
1472,222,6,1.0177228424302678,42237,22,2,39556,0,0,0,-1,-1,1745793713.28225,1
399,86,17,0.9455666748739437,0,0,0,0,34442,123,116,-1,-1,1745793714.28225,0
705,193,1,3.2552214090311224,0,0,0,0,0,0,0,8,0,1745793715.28225,1
737,218,1,3.921563850165774,0,0,0,0,0,0,0,8,0,1745793716.28225,1
428,115,17,5.502788616404977,0,0,0,0,37219,53,1092,-1,-1,1745793717.28225,1
131,68,17,1.685523403453721,0,0,0,0,58558,161,476,-1,-1,1745793718.28225,0
1257,41,17,7.597317400522446,0,0,0,0,61578,123,557,-1,-1,1745793719.28225,0
295,102,17,6.271809125004089,0,0,0,0,7426,53,1147,-1,-1,1745793720.28225,0
1406,216,17,5.402547061397261,0,0,0,0,60016,53,1409,-1,-1,1745793721.28225,0
547,233,6,3.395326526804287,60094,443,2,50914,0,0,0,-1,-1,1745793722.28225,0
602,188,6,1.7259790035638112,9462,1024,2,60128,0,0,0,-1,-1,1745793723.28225,0
1228,109,1,7.869607682277214,0,0,0,0,0,0,0,8,0,1745793724.28225,0
1314,120,17,0.5553689083700544,0,0,0,0,31341,161,127,-1,-1,1745793725.28225,1
128,95,6,4.470868604268772,32129,80,16,13909,0,0,0,-1,-1,1745793726.28225,0
931,139,6,6.502905179820495,27417,3389,24,1833,0,0,0,-1,-1,1745793727.28225,0
649,61,6,3.303676302598194,62596,3389,24,19046,0,0,0,-1,-1,1745793728.28225,1
148,199,6,5.114696499806693,62366,1024,24,45187,0,0,0,-1,-1,1745793729.28225,1
1179,138,1,3.5277608616302807,0,0,0,0,0,0,0,8,0,1745793730.28225,1
161,112,17,4.619257078411721,0,0,0,0,44843,53,1177,-1,-1,1745793731.28225,0
305,254,6,1.1487423923323004,56048,443,24,51887,0,0,0,-1,-1,1745793732.28225,0
474,221,17,7.285001256302403,0,0,0,0,41603,123,1124,-1,-1,1745793733.28225,0
1270,224,17,1.7807220510217467,0,0,0,0,54980,123,1250,-1,-1,1745793734.28225,1
586,171,6,5.280063983036355,46523,443,24,16813,0,0,0,-1,-1,1745793735.28225,1
867,95,17,6.2848689089566445,0,0,0,0,26655,161,589,-1,-1,1745793736.28225,1
1169,143,1,5.574424628588643,0,0,0,0,0,0,0,8,0,1745793737.28225,1
636,222,1,2.773256704833999,0,0,0,0,0,0,0,0,0,1745793738.28225,0
78,251,6,6.443195288504668,4295,1024,2,19983,0,0,0,-1,-1,1745793739.28225,0
948,170,6,6.32526354874042,61941,443,16,6269,0,0,0,-1,-1,1745793740.28225,0
430,223,1,1.504033689232931,0,0,0,0,0,0,0,0,0,1745793741.28225,0
1159,213,17,1.3281801462144278,0,0,0,0,63541,161,565,-1,-1,1745793742.28225,0
1126,148,6,7.909494799968993,36037,1024,16,63511,0,0,0,-1,-1,1745793743.28225,0
578,120,1,2.2772651587277686,0,0,0,0,0,0,0,8,0,1745793744.28225,1
133,90,6,6.169244680250172,63057,3389,16,24493,0,0,0,-1,-1,1745793745.28225,1
436,238,17,1.2867222487446686,0,0,0,0,22728,53,1064,-1,-1,1745793746.28225,1
167,183,1,5.9060516638567755,0,0,0,0,0,0,0,0,0,1745793747.28225,0
1098,164,17,6.295668575184854,0,0,0,0,15256,123,702,-1,-1,1745793748.28225,0
689,207,6,6.49768521170152,23954,443,16,15567,0,0,0,-1,-1,1745793749.28225,0
1280,132,17,3.0430497018063143,0,0,0,0,29724,123,110,-1,-1,1745793750.28225,1
512,112,1,7.945326385348111,0,0,0,0,0,0,0,0,0,1745793751.28225,1
201,78,6,5.380299360673304,19208,3389,24,41251,0,0,0,-1,-1,1745793752.28225,1
1417,54,1,2.01220531353583,0,0,0,0,0,0,0,0,0,1745793753.28225,0
431,88,1,2.4240964199566504,0,0,0,0,0,0,0,0,0,1745793754.28225,1
606,88,6,2.3225765364655713,36006,3389,2,62071,0,0,0,-1,-1,1745793755.28225,1
1175,252,17,6.401241748894565,0,0,0,0,39868,161,535,-1,-1,1745793756.28225,1
1086,216,1,7.6704617388878855,0,0,0,0,0,0,0,0,0,1745793757.28225,0
1421,178,1,4.863733487154091,0,0,0,0,0,0,0,8,0,1745793758.28225,0
900,211,1,3.1488242470507375,0,0,0,0,0,0,0,0,0,1745793759.28225,1
1385,41,17,3.775004918503866,0,0,0,0,17574,53,1020,-1,-1,1745793760.28225,0
321,88,6,6.159449395435071,58858,80,24,27413,0,0,0,-1,-1,1745793761.28225,0
1312,114,6,2.741503718959584,34139,22,24,45045,0,0,0,-1,-1,1745793762.28225,1
723,151,17,1.6740709597280752,0,0,0,0,17122,123,921,-1,-1,1745793763.28225,0
1243,165,1,3.784973069919606,0,0,0,0,0,0,0,0,0,1745793764.28225,1
1335,114,17,4.658159058149963,0,0,0,0,60524,53,955,-1,-1,1745793765.28225,0
651,96,1,2.072192985489811,0,0,0,0,0,0,0,8,0,1745793766.28225,1
1472,244,17,1.0650797123090774,0,0,0,0,10882,53,688,-1,-1,1745793767.28225,0
763,94,1,7.03675580314838,0,0,0,0,0,0,0,8,0,1745793768.28225,1
549,142,1,1.2667502812875453,0,0,0,0,0,0,0,8,0,1745793769.28225,1
545,217,6,5.172830984300402,22208,3389,16,55673,0,0,0,-1,-1,1745793770.28225,0
414,222,1,6.576060836194899,0,0,0,0,0,0,0,0,0,1745793771.28225,1
1022,63,17,1.0369459441432278,0,0,0,0,10624,123,1367,-1,-1,1745793772.28225,0
530,87,6,7.404399623345981,58415,443,2,56506,0,0,0,-1,-1,1745793773.28225,1
464,212,1,5.336642933490202,0,0,0,0,0,0,0,0,0,1745793774.28225,1
1471,169,17,1.592431752379861,0,0,0,0,24415,161,235,-1,-1,1745793775.28225,1
471,94,17,5.857842960519752,0,0,0,0,44789,161,399,-1,-1,1745793776.28225,0
796,215,17,1.9752938409622676,0,0,0,0,17897,161,801,-1,-1,1745793777.28225,1
548,161,1,2.6465535487538903,0,0,0,0,0,0,0,8,0,1745793778.28225,1
1415,189,6,2.963978671366397,56602,1024,24,24606,0,0,0,-1,-1,1745793779.28225,1
129,157,17,2.4754737418699087,0,0,0,0,13241,123,1448,-1,-1,1745793780.28225,1
272,202,17,2.099984228850862,0,0,0,0,58850,161,146,-1,-1,1745793781.28225,0
1390,199,17,1.7701639301100895,0,0,0,0,62044,123,588,-1,-1,1745793782.28225,0
1490,77,6,7.92403751960044,36074,443,24,27792,0,0,0,-1,-1,1745793783.28225,1
623,183,17,0.2970097330668766,0,0,0,0,16117,123,530,-1,-1,1745793784.28225,1
162,74,6,0.22653046551301603,7980,80,16,4904,0,0,0,-1,-1,1745793785.28225,0
1223,149,17,5.600027604044435,0,0,0,0,33132,53,1173,-1,-1,1745793786.28225,0
386,144,6,3.1129406994100144,1150,22,24,13096,0,0,0,-1,-1,1745793787.28225,1
1401,227,6,0.29216652122983344,27292,3389,16,14083,0,0,0,-1,-1,1745793788.28225,0
900,69,17,3.6952638565393254,0,0,0,0,52984,53,610,-1,-1,1745793789.28225,0
222,216,6,6.519760531063136,55032,443,24,64624,0,0,0,-1,-1,1745793790.28225,0
947,208,6,3.56044760300314,4161,1024,16,44343,0,0,0,-1,-1,1745793791.28225,0
824,249,6,1.5487095011954697,30167,443,2,53143,0,0,0,-1,-1,1745793792.28225,1
302,210,1,1.1786774046115855,0,0,0,0,0,0,0,0,0,1745793793.28225,1
888,180,17,1.6388012490989086,0,0,0,0,20115,161,1268,-1,-1,1745793794.28225,0
1338,192,1,6.520785433193058,0,0,0,0,0,0,0,0,0,1745793795.28225,0
1007,220,17,1.7908669064112814,0,0,0,0,30695,53,678,-1,-1,1745793796.28225,0
908,225,6,6.3070129999820725,5600,22,16,50451,0,0,0,-1,-1,1745793797.28225,1
1334,170,17,6.24996372726038,0,0,0,0,32896,53,1206,-1,-1,1745793798.28225,0
1202,221,6,4.506429608413783,57092,3389,2,3542,0,0,0,-1,-1,1745793799.28225,0
1450,98,6,5.811504286123883,55200,22,2,46584,0,0,0,-1,-1,1745793800.28225,0
200,140,6,3.9795450653346265,57617,1024,2,44221,0,0,0,-1,-1,1745793801.28225,0
165,221,17,4.8235296016869444,0,0,0,0,29589,123,208,-1,-1,1745793802.28225,0
786,194,17,7.339593341679836,0,0,0,0,2260,53,263,-1,-1,1745793803.28225,1
838,186,17,1.3017582999809738,0,0,0,0,49274,53,399,-1,-1,1745793804.28225,1
989,35,1,6.302315151800971,0,0,0,0,0,0,0,8,0,1745793805.28225,1
922,186,1,1.6124227403427396,0,0,0,0,0,0,0,8,0,1745793806.28225,0
46,62,1,4.742884986038046,0,0,0,0,0,0,0,0,0,1745793807.28225,0
1104,32,6,7.02928519108339,44537,1024,16,57108,0,0,0,-1,-1,1745793808.28225,1
1448,86,1,7.239142019967681,0,0,0,0,0,0,0,0,0,1745793809.28225,0
602,66,17,0.2989865382057433,0,0,0,0,48251,161,22,-1,-1,1745793810.28225,1
459,75,17,5.044534280696432,0,0,0,0,35699,123,328,-1,-1,1745793811.28225,1
203,85,17,7.2860882764124115,0,0,0,0,34582,161,1185,-1,-1,1745793812.28225,0
1130,172,6,2.2549200927053095,7447,443,24,61556,0,0,0,-1,-1,1745793813.28225,1
1268,97,1,3.6341948738943035,0,0,0,0,0,0,0,0,0,1745793814.28225,0
660,68,1,5.714896503600632,0,0,0,0,0,0,0,0,0,1745793815.28225,0
1407,69,6,7.257720495957696,6682,22,24,36333,0,0,0,-1,-1,1745793816.28225,1
505,244,1,4.413550525980958,0,0,0,0,0,0,0,8,0,1745793817.28225,1
558,73,17,1.6106982490370552,0,0,0,0,38206,123,1121,-1,-1,1745793818.28225,1
317,201,6,7.883533930166122,64021,1024,2,57359,0,0,0,-1,-1,1745793819.28225,1
1036,58,17,7.978242513791407,0,0,0,0,24851,161,442,-1,-1,1745793820.28225,1
1353,214,1,6.850151391396178,0,0,0,0,0,0,0,8,0,1745793821.28225,0
733,209,17,4.416365529885597,0,0,0,0,17842,53,523,-1,-1,1745793822.28225,0
752,121,17,2.8363847426373097,0,0,0,0,40075,123,637,-1,-1,1745793823.28225,0
894,173,1,1.381829026862908,0,0,0,0,0,0,0,8,0,1745793824.28225,1
147,236,17,0.9648757324009605,0,0,0,0,50123,53,266,-1,-1,1745793825.28225,1
1016,234,17,0.8984932805289372,0,0,0,0,11793,123,302,-1,-1,1745793826.28225,0
106,113,17,0.6224496055455342,0,0,0,0,32941,53,1229,-1,-1,1745793827.28225,1
71,145,6,4.538049505714089,40131,1024,2,23590,0,0,0,-1,-1,1745793828.28225,1
339,187,1,7.974518879903029,0,0,0,0,0,0,0,0,0,1745793829.28225,1
1222,182,6,2.9011374194627324,5662,22,24,47096,0,0,0,-1,-1,1745793830.28225,0
824,217,1,4.916167030777347,0,0,0,0,0,0,0,8,0,1745793831.28225,1
1422,181,6,4.3862243822857465,49507,22,16,14144,0,0,0,-1,-1,1745793832.28225,1
627,84,17,4.924514170999191,0,0,0,0,63633,53,1298,-1,-1,1745793833.28225,1
178,81,1,1.5661830881323464,0,0,0,0,0,0,0,0,0,1745793834.28225,0
595,203,17,2.387777244858775,0,0,0,0,61953,53,601,-1,-1,1745793835.28225,0
435,129,6,7.967789608521234,14230,3389,24,7697,0,0,0,-1,-1,1745793836.28225,1
925,181,6,7.386474600336595,13721,3389,2,31251,0,0,0,-1,-1,1745793837.28225,1
444,148,17,6.893550883593995,0,0,0,0,46807,123,676,-1,-1,1745793838.28225,0
1456,170,17,4.786939153083096,0,0,0,0,30182,53,709,-1,-1,1745793839.28225,0
470,92,6,4.017647751686722,1853,1024,16,26951,0,0,0,-1,-1,1745793840.28225,1
1265,192,6,1.4671643819941451,8630,80,2,15108,0,0,0,-1,-1,1745793841.28225,0
1135,199,17,4.172092556634906,0,0,0,0,9032,123,1430,-1,-1,1745793842.28225,1
1019,162,6,3.408026408602545,5657,1024,24,31557,0,0,0,-1,-1,1745793843.28225,1
362,57,6,0.41960528302595,1676,80,24,25811,0,0,0,-1,-1,1745793844.28225,0
168,109,6,4.3770545107527665,64165,443,16,34151,0,0,0,-1,-1,1745793845.28225,0
616,121,17,0.7739599596823741,0,0,0,0,20764,161,1039,-1,-1,1745793846.28225,1
231,125,6,5.219138480424342,35218,80,2,63216,0,0,0,-1,-1,1745793847.28225,0
458,38,17,5.022837813150611,0,0,0,0,45250,53,638,-1,-1,1745793848.28225,1
919,227,1,5.357204019941839,0,0,0,0,0,0,0,8,0,1745793849.28225,0
1139,251,1,0.25930950301169986,0,0,0,0,0,0,0,0,0,1745793850.28225,0
862,116,6,4.333722542667362,27182,80,24,58383,0,0,0,-1,-1,1745793851.28225,0
192,69,6,3.285140669079391,14495,3389,2,33519,0,0,0,-1,-1,1745793852.28225,1
788,60,1,0.4217648750997913,0,0,0,0,0,0,0,0,0,1745793853.28225,0
552,117,6,2.6898518377666436,62076,80,16,57019,0,0,0,-1,-1,1745793854.28225,1
1276,232,6,5.852435974397493,40692,22,2,28084,0,0,0,-1,-1,1745793855.28225,1
1182,124,17,4.959430517749813,0,0,0,0,10351,123,1381,-1,-1,1745793856.28225,1
325,254,1,5.993321743079887,0,0,0,0,0,0,0,0,0,1745793857.28225,1
1309,141,1,2.897360539437771,0,0,0,0,0,0,0,0,0,1745793858.28225,0
705,202,6,0.7547629611801847,25309,1024,2,44860,0,0,0,-1,-1,1745793859.28225,0
1429,86,1,2.1577556671077147,0,0,0,0,0,0,0,0,0,1745793860.28225,0
1305,222,1,1.1782460612853543,0,0,0,0,0,0,0,8,0,1745793861.28225,0
1134,181,1,1.455943531632781,0,0,0,0,0,0,0,0,0,1745793862.28225,0
467,117,17,5.418480831496394,0,0,0,0,62027,123,1490,-1,-1,1745793863.28225,0
521,155,6,4.299318864470924,30440,80,24,24396,0,0,0,-1,-1,1745793864.28225,1
368,94,1,4.508163677719751,0,0,0,0,0,0,0,8,0,1745793865.28225,1
260,59,1,7.074433101685623,0,0,0,0,0,0,0,8,0,1745793866.28225,1
590,240,6,6.821074115217864,26507,1024,16,57074,0,0,0,-1,-1,1745793867.28225,1
588,134,6,0.12712937105602062,1653,22,2,4026,0,0,0,-1,-1,1745793868.28225,0
667,49,17,4.5679211237496,0,0,0,0,48480,161,509,-1,-1,1745793869.28225,0
1025,191,17,3.7107908318507867,0,0,0,0,28961,53,972,-1,-1,1745793870.28225,0
1073,198,1,1.406839774133303,0,0,0,0,0,0,0,8,0,1745793871.28225,1
60,50,6,6.598349639635431,26702,443,2,8544,0,0,0,-1,-1,1745793872.28225,0
1343,91,17,0.4715581717916377,0,0,0,0,29957,161,1271,-1,-1,1745793873.28225,0
1337,231,17,1.5442295120641374,0,0,0,0,41430,161,136,-1,-1,1745793874.28225,1
815,50,1,0.9889997537776498,0,0,0,0,0,0,0,8,0,1745793875.28225,1
100,180,1,1.7175574948595695,0,0,0,0,0,0,0,0,0,1745793876.28225,0
206,186,1,3.4956269919875176,0,0,0,0,0,0,0,0,0,1745793877.28225,1
1350,168,6,3.4307912117370476,14927,22,2,26837,0,0,0,-1,-1,1745793878.28225,1
1341,191,6,0.7376356692592809,52776,1024,24,27517,0,0,0,-1,-1,1745793879.28225,1
707,140,1,6.94933713485384,0,0,0,0,0,0,0,8,0,1745793880.28225,0
651,57,6,1.4794895227265377,3160,22,16,64353,0,0,0,-1,-1,1745793881.28225,1
1468,40,6,5.748622057050081,16318,22,2,19875,0,0,0,-1,-1,1745793882.28225,0
820,80,17,0.7263653904986125,0,0,0,0,26638,53,209,-1,-1,1745793883.28225,0
137,90,17,7.477732983878748,0,0,0,0,21711,53,176,-1,-1,1745793884.28225,0
122,180,1,2.667608076973714,0,0,0,0,0,0,0,0,0,1745793885.28225,1
620,181,1,4.4971597215661685,0,0,0,0,0,0,0,0,0,1745793886.28225,0
885,99,17,3.0949116695702035,0,0,0,0,38941,53,1487,-1,-1,1745793887.28225,1
844,150,17,3.236685988520061,0,0,0,0,31854,123,494,-1,-1,1745793888.28225,1
458,43,17,2.057282939023507,0,0,0,0,52329,123,265,-1,-1,1745793889.28225,0
886,88,17,6.276927792474033,0,0,0,0,1985,53,687,-1,-1,1745793890.28225,0
1122,87,6,4.0024948922435195,62535,443,16,61166,0,0,0,-1,-1,1745793891.28225,1
1308,126,6,7.633983139180358,51619,22,16,46152,0,0,0,-1,-1,1745793892.28225,0
956,144,17,4.542672875050555,0,0,0,0,36113,123,222,-1,-1,1745793893.28225,1
113,94,17,3.51862216336906,0,0,0,0,52162,123,989,-1,-1,1745793894.28225,1
1073,170,1,6.5097257497379015,0,0,0,0,0,0,0,8,0,1745793895.28225,0
922,194,1,3.0191046342975056,0,0,0,0,0,0,0,0,0,1745793896.28225,0
530,252,6,0.3751061644422693,52414,3389,2,34538,0,0,0,-1,-1,1745793897.28225,0
258,105,1,6.381430467741599,0,0,0,0,0,0,0,0,0,1745793898.28225,0
93,243,6,1.9931012396337877,32804,3389,24,33782,0,0,0,-1,-1,1745793899.28225,1
370,179,17,3.244164492329494,0,0,0,0,14686,123,1219,-1,-1,1745793900.28225,0
669,65,6,6.242007596687457,63247,22,2,53606,0,0,0,-1,-1,1745793901.28225,0
1096,90,1,5.79869801617615,0,0,0,0,0,0,0,0,0,1745793902.28225,0
418,138,6,6.646687823963821,13587,3389,24,56927,0,0,0,-1,-1,1745793903.28225,0
761,166,17,3.3336651506330366,0,0,0,0,14437,123,683,-1,-1,1745793904.28225,1
79,113,17,7.452955856954885,0,0,0,0,58711,161,1388,-1,-1,1745793905.28225,0
1195,197,1,5.125571479023403,0,0,0,0,0,0,0,8,0,1745793906.28225,0
387,203,1,0.19363239473391847,0,0,0,0,0,0,0,8,0,1745793907.28225,1
120,56,6,0.3792121727817621,60675,22,24,4918,0,0,0,-1,-1,1745793908.28225,1
1394,110,6,4.58131917909653,11499,3389,16,23304,0,0,0,-1,-1,1745793909.28225,1
1315,253,17,1.2398449893471888,0,0,0,0,10310,53,762,-1,-1,1745793910.28225,1
734,252,6,7.142201203070112,43304,443,2,3527,0,0,0,-1,-1,1745793911.28225,1
625,46,1,0.11937399717537556,0,0,0,0,0,0,0,0,0,1745793912.28225,0
1141,75,17,0.6463021422527184,0,0,0,0,25946,53,1001,-1,-1,1745793913.28225,0
112,72,1,5.159792526732264,0,0,0,0,0,0,0,8,0,1745793914.28225,1
770,34,6,4.474956924469783,7658,80,24,58600,0,0,0,-1,-1,1745793915.28225,0
1158,41,6,1.1070217966004714,38415,1024,2,14380,0,0,0,-1,-1,1745793916.28225,0
1496,123,1,3.9415463825983954,0,0,0,0,0,0,0,0,0,1745793917.28225,0
646,223,1,5.1842135742693785,0,0,0,0,0,0,0,8,0,1745793918.28225,1
946,163,6,0.2325388059592859,4010,3389,16,5595,0,0,0,-1,-1,1745793919.28225,1
1326,227,17,6.553445304959326,0,0,0,0,33687,53,455,-1,-1,1745793920.28225,1
1482,156,6,2.6756418322243665,54675,80,24,35273,0,0,0,-1,-1,1745793921.28225,1
1233,47,17,7.473809451370642,0,0,0,0,54733,161,251,-1,-1,1745793922.28225,0
1167,94,1,0.5133492727282345,0,0,0,0,0,0,0,0,0,1745793923.28225,0
879,36,6,0.20742911761709149,43187,1024,24,57379,0,0,0,-1,-1,1745793924.28225,0
436,140,6,1.8097665329337707,58891,1024,2,21401,0,0,0,-1,-1,1745793925.28225,1
609,131,6,4.136349171028942,64251,22,24,20601,0,0,0,-1,-1,1745793926.28225,1
836,79,1,6.114589148250785,0,0,0,0,0,0,0,8,0,1745793927.28225,1
809,200,1,7.823267032989309,0,0,0,0,0,0,0,8,0,1745793928.28225,1
939,38,17,2.467861433367302,0,0,0,0,16966,123,821,-1,-1,1745793929.28225,1
815,205,6,4.247342074694545,50777,1024,2,23683,0,0,0,-1,-1,1745793930.28225,1
1280,87,1,3.23114588609479,0,0,0,0,0,0,0,0,0,1745793931.28225,1
343,177,6,2.0277421411213776,50527,1024,2,24264,0,0,0,-1,-1,1745793932.28225,1
232,128,1,4.663806059630856,0,0,0,0,0,0,0,8,0,1745793933.28225,1
213,151,1,5.946363483393906,0,0,0,0,0,0,0,8,0,1745793934.28225,0
1461,100,6,0.9225123351783404,6160,3389,24,28329,0,0,0,-1,-1,1745793935.28225,0
1331,201,6,2.4830688352120722,31903,3389,16,35505,0,0,0,-1,-1,1745793936.28225,1
204,236,17,1.7736246654905843,0,0,0,0,52845,123,287,-1,-1,1745793937.28225,0
721,49,6,7.3619352674370075,29307,22,24,7057,0,0,0,-1,-1,1745793938.28225,0
476,168,1,5.792033185279932,0,0,0,0,0,0,0,8,0,1745793939.28225,0
1102,157,17,4.865477790021653,0,0,0,0,13011,123,784,-1,-1,1745793940.28225,0
1228,250,6,7.343962879402553,65201,80,16,7288,0,0,0,-1,-1,1745793941.28225,0
351,67,17,7.85844509754787,0,0,0,0,43938,123,1019,-1,-1,1745793942.28225,1
1259,139,1,5.250039233473751,0,0,0,0,0,0,0,0,0,1745793943.28225,0
514,119,1,5.909504445505832,0,0,0,0,0,0,0,8,0,1745793944.28225,0
363,121,1,3.6192291632543876,0,0,0,0,0,0,0,0,0,1745793945.28225,0
97,192,17,7.108428856972682,0,0,0,0,16395,53,145,-1,-1,1745793946.28225,1
1309,230,1,1.7640940362874664,0,0,0,0,0,0,0,0,0,1745793947.28225,0
685,235,1,7.955126540730354,0,0,0,0,0,0,0,8,0,1745793948.28225,0
427,124,17,6.534428211409439,0,0,0,0,53494,123,1078,-1,-1,1745793949.28225,1
1425,151,1,1.4996849188785673,0,0,0,0,0,0,0,8,0,1745793950.28225,1
930,226,17,4.399682850053334,0,0,0,0,50802,123,677,-1,-1,1745793951.28225,1
785,198,1,6.189680616057329,0,0,0,0,0,0,0,0,0,1745793952.28225,1
635,93,17,5.214749895963528,0,0,0,0,36411,161,1046,-1,-1,1745793953.28225,0
1168,92,1,5.278792550585037,0,0,0,0,0,0,0,8,0,1745793954.28225,0
434,250,1,4.3141929819530995,0,0,0,0,0,0,0,0,0,1745793955.28225,0
859,153,6,3.8223779277086694,39872,3389,16,56063,0,0,0,-1,-1,1745793956.28225,0
328,176,17,0.7326792047066304,0,0,0,0,59381,53,1114,-1,-1,1745793957.28225,1
1022,60,6,4.189893133390861,46985,443,16,51784,0,0,0,-1,-1,1745793958.28225,1
265,58,17,2.489142360170943,0,0,0,0,61735,53,73,-1,-1,1745793959.28225,0
1163,187,6,5.881277302625048,7630,80,2,39469,0,0,0,-1,-1,1745793960.28225,0
1088,209,17,3.340242499746764,0,0,0,0,20266,123,894,-1,-1,1745793961.28225,1
1030,99,17,3.724983655029529,0,0,0,0,30122,53,731,-1,-1,1745793962.28225,1
1042,146,17,1.9688249901749266,0,0,0,0,37587,53,690,-1,-1,1745793963.28225,0
1112,207,6,0.5806264627492812,45109,443,16,16031,0,0,0,-1,-1,1745793964.28225,1
854,103,6,6.504579300104675,47526,1024,16,46068,0,0,0,-1,-1,1745793965.28225,1
396,194,6,3.8694663215436274,29064,22,16,4973,0,0,0,-1,-1,1745793966.28225,0
403,191,6,0.8764840325137513,41783,1024,2,54612,0,0,0,-1,-1,1745793967.28225,1
783,211,17,1.1868416689914927,0,0,0,0,13760,53,1016,-1,-1,1745793968.28225,1
470,166,17,0.9122300460719845,0,0,0,0,43057,123,168,-1,-1,1745793969.28225,0
1248,97,17,1.0814560515577867,0,0,0,0,60553,53,199,-1,-1,1745793970.28225,0
714,83,6,5.982737841628398,4260,443,2,53462,0,0,0,-1,-1,1745793971.28225,0
1112,126,1,3.3332737675383237,0,0,0,0,0,0,0,0,0,1745793972.28225,0
427,235,17,4.486026588757904,0,0,0,0,37434,123,91,-1,-1,1745793973.28225,1
636,43,1,2.2499115680539843,0,0,0,0,0,0,0,0,0,1745793974.28225,1
1247,219,6,1.1924183550939045,55238,3389,24,49934,0,0,0,-1,-1,1745793975.28225,0
51,218,6,1.0503257966492985,54709,3389,16,50982,0,0,0,-1,-1,1745793976.28225,0
1053,239,17,2.435388538102499,0,0,0,0,55553,123,128,-1,-1,1745793977.28225,1
949,87,1,5.890185658485205,0,0,0,0,0,0,0,0,0,1745793978.28225,0
1421,73,1,7.72245549479587,0,0,0,0,0,0,0,0,0,1745793979.28225,0
353,188,1,3.20970702915457,0,0,0,0,0,0,0,0,0,1745793980.28225,0
737,79,6,4.202078774281669,13800,1024,16,6426,0,0,0,-1,-1,1745793981.28225,0
746,90,17,1.1844660738834065,0,0,0,0,30562,123,156,-1,-1,1745793982.28225,1
306,70,1,3.9623215506600165,0,0,0,0,0,0,0,8,0,1745793983.28225,0
1192,200,1,6.242612200476129,0,0,0,0,0,0,0,0,0,1745793984.28225,1
123,195,6,6.712576167740453,46304,80,2,33351,0,0,0,-1,-1,1745793985.28225,0
1015,127,17,4.705066977224905,0,0,0,0,7597,161,1353,-1,-1,1745793986.28225,1
435,63,6,4.662229273252156,52782,443,16,44107,0,0,0,-1,-1,1745793987.28225,1
875,42,1,6.82353084964603,0,0,0,0,0,0,0,8,0,1745793988.28225,1
950,59,1,0.5806071212649018,0,0,0,0,0,0,0,8,0,1745793989.28225,1
66,195,6,6.0776118353749915,4515,80,16,17233,0,0,0,-1,-1,1745793990.28225,1
932,216,1,7.801294068244693,0,0,0,0,0,0,0,8,0,1745793991.28225,0
380,254,17,1.8108970565154143,0,0,0,0,29477,161,1368,-1,-1,1745793992.28225,0
525,230,6,1.0153955800343315,23179,443,2,47538,0,0,0,-1,-1,1745793993.28225,0
944,224,6,6.934874699510711,58364,22,24,65313,0,0,0,-1,-1,1745793994.28225,1
70,34,6,0.8710748434127238,51992,80,2,54816,0,0,0,-1,-1,1745793995.28225,1
662,34,17,4.501910558082162,0,0,0,0,9435,123,450,-1,-1,1745793996.28225,1
761,59,17,7.639042052626642,0,0,0,0,53056,123,210,-1,-1,1745793997.28225,1
1436,150,17,6.556320760086251,0,0,0,0,16698,53,1113,-1,-1,1745793998.28225,1
1033,221,17,2.7029800559640336,0,0,0,0,28083,123,1199,-1,-1,1745793999.28225,1
1126,52,1,3.863546263356808,0,0,0,0,0,0,0,8,0,1745794000.28225,1
1490,174,17,4.516971217383755,0,0,0,0,65329,123,897,-1,-1,1745794001.28225,0
999,75,1,1.3853877069652398,0,0,0,0,0,0,0,0,0,1745794002.28225,0
53,57,17,6.63842618720154,0,0,0,0,18325,53,561,-1,-1,1745794003.28225,0
788,196,1,5.915210822034797,0,0,0,0,0,0,0,0,0,1745794004.28225,1
42,32,17,2.283445946961609,0,0,0,0,46257,123,126,-1,-1,1745794005.28225,0
313,169,1,7.3668574886512,0,0,0,0,0,0,0,0,0,1745794006.28225,0
506,211,1,2.049500775129575,0,0,0,0,0,0,0,0,0,1745794007.28225,1
151,177,17,4.950595894714091,0,0,0,0,22334,123,252,-1,-1,1745794008.28225,0
876,152,1,6.535793450462663,0,0,0,0,0,0,0,8,0,1745794009.28225,0
1086,171,1,5.861821403381586,0,0,0,0,0,0,0,0,0,1745794010.28225,1
437,78,1,6.940955985598571,0,0,0,0,0,0,0,8,0,1745794011.28225,1
1335,47,1,4.785747523902074,0,0,0,0,0,0,0,8,0,1745794012.28225,1
257,86,1,5.787216596748063,0,0,0,0,0,0,0,0,0,1745794013.28225,1
716,194,17,4.6018989811065945,0,0,0,0,57111,123,313,-1,-1,1745794014.28225,0
336,245,6,0.4562955434591034,55153,80,16,47142,0,0,0,-1,-1,1745794015.28225,1
153,115,17,1.1756698931660372,0,0,0,0,55729,161,238,-1,-1,1745794016.28225,1
525,102,17,5.118532149259224,0,0,0,0,14196,161,608,-1,-1,1745794017.28225,1
840,228,17,7.397695073455973,0,0,0,0,57105,161,424,-1,-1,1745794018.28225,0
736,147,6,2.5995525154230688,60865,22,16,54208,0,0,0,-1,-1,1745794019.28225,1
1137,49,6,5.400176359698663,52932,1024,2,38956,0,0,0,-1,-1,1745794020.28225,0
505,92,1,2.4787415542097433,0,0,0,0,0,0,0,0,0,1745794021.28225,1
1448,248,1,1.961357191465468,0,0,0,0,0,0,0,0,0,1745794022.28225,1
668,47,6,4.6238246948839805,34500,80,2,16348,0,0,0,-1,-1,1745794023.28225,1
76,70,17,3.5684212991144335,0,0,0,0,50402,161,827,-1,-1,1745794024.28225,0
481,97,1,0.21002569574391483,0,0,0,0,0,0,0,0,0,1745794025.28225,1
280,226,17,1.6271111391426727,0,0,0,0,43422,53,103,-1,-1,1745794026.28225,0
829,221,6,6.91463660167997,34935,80,2,54967,0,0,0,-1,-1,1745794027.28225,0
802,60,1,7.391317578616208,0,0,0,0,0,0,0,0,0,1745794028.28225,1
1121,130,1,2.723424625259896,0,0,0,0,0,0,0,0,0,1745794029.28225,0
355,81,6,4.658845278500075,42160,22,24,25013,0,0,0,-1,-1,1745794030.28225,0
265,112,6,0.9417511155508089,43105,80,2,56715,0,0,0,-1,-1,1745794031.28225,1
1028,224,17,3.3762641955267085,0,0,0,0,29753,161,784,-1,-1,1745794032.28225,0
229,182,17,7.379873632269371,0,0,0,0,51812,161,702,-1,-1,1745794033.28225,1
995,60,17,6.8290857410482,0,0,0,0,30904,53,361,-1,-1,1745794034.28225,0
792,139,17,6.529976138873229,0,0,0,0,59951,123,142,-1,-1,1745794035.28225,0
838,188,17,3.0716119618673936,0,0,0,0,10568,123,753,-1,-1,1745794036.28225,0
250,75,1,2.8756482611177425,0,0,0,0,0,0,0,0,0,1745794037.28225,1
1212,138,1,3.7365419799193704,0,0,0,0,0,0,0,8,0,1745794038.28225,1
1287,60,6,5.839929034978315,15688,80,24,57343,0,0,0,-1,-1,1745794039.28225,1
949,234,6,1.7498764996560459,21872,80,16,12553,0,0,0,-1,-1,1745794040.28225,1
1359,152,6,1.1104935494389885,44970,1024,16,57339,0,0,0,-1,-1,1745794041.28225,1
882,204,17,5.42420216471682,0,0,0,0,27447,161,122,-1,-1,1745794042.28225,1
1149,65,6,2.2957405097595114,58437,1024,24,18625,0,0,0,-1,-1,1745794043.28225,1
1297,42,1,7.5174156426510965,0,0,0,0,0,0,0,0,0,1745794044.28225,0
1209,175,17,2.33553365578209,0,0,0,0,49634,53,768,-1,-1,1745794045.28225,1
636,181,1,1.4983401971732446,0,0,0,0,0,0,0,0,0,1745794046.28225,0
1107,173,1,5.689120544570181,0,0,0,0,0,0,0,8,0,1745794047.28225,0
1434,132,6,2.2802610843224533,39987,3389,24,60717,0,0,0,-1,-1,1745794048.28225,0
923,200,6,2.65552024377587,28775,22,24,7383,0,0,0,-1,-1,1745794049.28225,0
883,192,17,0.746039817514597,0,0,0,0,33373,123,244,-1,-1,1745794050.28225,1
844,218,1,1.5880570623932995,0,0,0,0,0,0,0,0,0,1745794051.28225,0
674,68,6,1.3498117292214324,53121,1024,16,14165,0,0,0,-1,-1,1745794052.28225,0
769,204,6,4.8631628333691,11975,3389,2,3462,0,0,0,-1,-1,1745794053.28225,0
51,143,6,7.55921666850687,24309,22,16,41850,0,0,0,-1,-1,1745794054.28225,1
378,244,17,1.3043583779960413,0,0,0,0,54985,53,938,-1,-1,1745794055.28225,0
916,179,17,0.30944264571142543,0,0,0,0,38451,53,1142,-1,-1,1745794056.28225,0
346,138,1,1.0917418729358,0,0,0,0,0,0,0,0,0,1745794057.28225,1
218,213,1,4.997905376187006,0,0,0,0,0,0,0,8,0,1745794058.28225,1
369,101,6,5.526658912166316,59931,3389,2,35977,0,0,0,-1,-1,1745794059.28225,1
308,49,6,7.089338582246576,54762,80,16,5421,0,0,0,-1,-1,1745794060.28225,0
1110,209,6,5.407950976510903,55278,22,2,21154,0,0,0,-1,-1,1745794061.28225,0
440,173,1,4.758113869067543,0,0,0,0,0,0,0,0,0,1745794062.28225,1
570,217,1,2.6227601748223437,0,0,0,0,0,0,0,0,0,1745794063.28225,0
1426,60,6,6.811945583213758,1430,22,2,51655,0,0,0,-1,-1,1745794064.28225,1
1132,148,1,1.0500090464970997,0,0,0,0,0,0,0,8,0,1745794065.28225,1
1210,80,6,2.87081752548648,46935,443,2,27437,0,0,0,-1,-1,1745794066.28225,0
140,98,17,2.4865407516664666,0,0,0,0,61776,123,1290,-1,-1,1745794067.28225,0
719,188,17,5.275428360963529,0,0,0,0,30253,123,488,-1,-1,1745794068.28225,0
685,62,17,1.9992356225921135,0,0,0,0,36889,161,189,-1,-1,1745794069.28225,0
947,199,1,1.8220627026289362,0,0,0,0,0,0,0,0,0,1745794070.28225,0
185,89,17,5.328777217193869,0,0,0,0,11543,161,1305,-1,-1,1745794071.28225,0
774,95,17,0.3596440887212049,0,0,0,0,52000,161,613,-1,-1,1745794072.28225,1
389,131,1,0.5405410640734649,0,0,0,0,0,0,0,0,0,1745794073.28225,0
1281,105,1,7.86767439982617,0,0,0,0,0,0,0,0,0,1745794074.28225,1
301,58,6,6.899701154451289,48363,22,2,20728,0,0,0,-1,-1,1745794075.28225,0
776,218,1,0.6226259075462082,0,0,0,0,0,0,0,8,0,1745794076.28225,1
717,180,1,2.007064022006978,0,0,0,0,0,0,0,0,0,1745794077.28225,0
373,53,1,1.9740846242857355,0,0,0,0,0,0,0,8,0,1745794078.28225,1
391,246,1,7.5471132935308285,0,0,0,0,0,0,0,0,0,1745794079.28225,1
362,84,1,7.217988028536466,0,0,0,0,0,0,0,8,0,1745794080.28225,0
939,142,6,6.662304454301921,62419,3389,24,42075,0,0,0,-1,-1,1745794081.28225,1
449,178,17,4.994917341320613,0,0,0,0,62110,123,1425,-1,-1,1745794082.28225,1
829,63,6,5.935595400377975,32457,3389,2,41617,0,0,0,-1,-1,1745794083.28225,0
967,226,6,5.604081767015307,16254,22,2,56526,0,0,0,-1,-1,1745794084.28225,1
968,217,6,3.309557659341684,19712,443,2,11656,0,0,0,-1,-1,1745794085.28225,1
381,163,6,5.333824229859969,27067,443,16,13280,0,0,0,-1,-1,1745794086.28225,0
1097,95,6,1.8834411125165351,57645,80,24,21844,0,0,0,-1,-1,1745794087.28225,1
1470,153,17,0.21162127930049568,0,0,0,0,64836,53,590,-1,-1,1745794088.28225,0
1253,68,6,7.14514141056151,51860,1024,2,38273,0,0,0,-1,-1,1745794089.28225,1
1495,171,17,7.644386925023291,0,0,0,0,61860,123,728,-1,-1,1745794090.28225,0
139,141,1,6.098629164666194,0,0,0,0,0,0,0,8,0,1745794091.28225,1
1151,247,17,5.417675954901965,0,0,0,0,52058,123,1125,-1,-1,1745794092.28225,0
851,191,17,5.664298166816246,0,0,0,0,34633,161,772,-1,-1,1745794093.28225,0
766,225,1,5.831094084017881,0,0,0,0,0,0,0,8,0,1745794094.28225,1
704,250,6,3.7229180471854955,62002,443,24,53613,0,0,0,-1,-1,1745794095.28225,0
267,115,17,4.79011673286365,0,0,0,0,57347,123,987,-1,-1,1745794096.28225,1
548,146,6,4.271729115019558,45310,22,24,62415,0,0,0,-1,-1,1745794097.28225,1
599,222,1,3.9440377181449495,0,0,0,0,0,0,0,0,0,1745794098.28225,1
626,125,1,6.03480992363527,0,0,0,0,0,0,0,0,0,1745794099.28225,0
1006,82,6,4.565014086210693,45883,1024,24,63594,0,0,0,-1,-1,1745794100.28225,1
925,69,1,2.657978148797416,0,0,0,0,0,0,0,0,0,1745794101.28225,0
324,112,6,4.1648731242409,44323,3389,2,23549,0,0,0,-1,-1,1745794102.28225,1
1153,115,1,2.546142827994127,0,0,0,0,0,0,0,8,0,1745794103.28225,1
537,124,1,3.164943635981391,0,0,0,0,0,0,0,0,0,1745794104.28225,0
706,103,6,2.025201888370879,10737,3389,24,6469,0,0,0,-1,-1,1745794105.28225,1
453,103,17,1.950112973801005,0,0,0,0,47922,161,1192,-1,-1,1745794106.28225,0
1053,77,6,7.703948768711797,14651,443,24,54442,0,0,0,-1,-1,1745794107.28225,0
845,216,6,5.519595820066252,25103,3389,16,63220,0,0,0,-1,-1,1745794108.28225,0
1392,112,17,4.798818745010335,0,0,0,0,23167,123,924,-1,-1,1745794109.28225,0
970,131,17,4.315981685872231,0,0,0,0,15683,53,902,-1,-1,1745794110.28225,0
992,213,1,1.7787918023295894,0,0,0,0,0,0,0,8,0,1745794111.28225,1
1328,239,1,1.0822504310212206,0,0,0,0,0,0,0,8,0,1745794112.28225,0
414,196,17,1.7190595083167857,0,0,0,0,30965,123,857,-1,-1,1745794113.28225,1
278,205,17,1.2983664758759037,0,0,0,0,36130,53,1301,-1,-1,1745794114.28225,0
462,58,17,6.833445538899789,0,0,0,0,32398,161,1403,-1,-1,1745794115.28225,0
638,77,17,3.3279499357410414,0,0,0,0,47102,53,871,-1,-1,1745794116.28225,0
927,214,6,2.0369847664602805,42782,443,2,3846,0,0,0,-1,-1,1745794117.28225,1
899,35,1,5.170188040532166,0,0,0,0,0,0,0,8,0,1745794118.28225,1
1433,120,17,6.828235743146207,0,0,0,0,54873,161,1299,-1,-1,1745794119.28225,0
223,243,17,5.203307276684369,0,0,0,0,63017,161,1257,-1,-1,1745794120.28225,0
1006,121,6,4.074093401583002,22603,1024,24,27209,0,0,0,-1,-1,1745794121.28225,1
1188,48,17,0.3155270146426865,0,0,0,0,4316,161,658,-1,-1,1745794122.28225,1
1030,193,1,0.0559757746141365,0,0,0,0,0,0,0,8,0,1745794123.28225,1
85,177,1,2.9435258846585093,0,0,0,0,0,0,0,0,0,1745794124.28225,1
193,227,17,6.363314932762156,0,0,0,0,11792,123,393,-1,-1,1745794125.28225,1
488,249,6,4.677706883115883,60691,3389,2,63145,0,0,0,-1,-1,1745794126.28225,0
1006,153,6,3.9666949819921014,20284,3389,24,3455,0,0,0,-1,-1,1745794127.28225,0
128,254,17,3.7006900884801466,0,0,0,0,63547,161,204,-1,-1,1745794128.28225,1
1212,125,17,7.018466081320074,0,0,0,0,30194,123,366,-1,-1,1745794129.28225,0
226,196,1,3.182082078222587,0,0,0,0,0,0,0,0,0,1745794130.28225,1
1231,38,17,4.036264227238474,0,0,0,0,6716,123,1432,-1,-1,1745794131.28225,0
1021,62,6,2.1107298494702764,8452,1024,24,2063,0,0,0,-1,-1,1745794132.28225,1
1062,118,6,2.636369767179181,3860,80,2,8517,0,0,0,-1,-1,1745794133.28225,1
909,125,17,6.80863337605337,0,0,0,0,22778,53,308,-1,-1,1745794134.28225,0
964,165,6,6.202110983155269,30909,22,24,38782,0,0,0,-1,-1,1745794135.28225,0
148,195,17,6.031778362843034,0,0,0,0,11168,123,1404,-1,-1,1745794136.28225,1
405,160,6,2.506640049441528,10897,1024,2,13659,0,0,0,-1,-1,1745794137.28225,1
636,170,1,6.331041227307906,0,0,0,0,0,0,0,0,0,1745794138.28225,1
1201,175,17,2.0661609753852535,0,0,0,0,31010,123,92,-1,-1,1745794139.28225,0
617,146,17,1.385237990407905,0,0,0,0,7014,161,708,-1,-1,1745794140.28225,1
977,190,17,1.5112473043562131,0,0,0,0,59283,123,633,-1,-1,1745794141.28225,0
1132,229,6,6.108966474345633,46775,80,2,63824,0,0,0,-1,-1,1745794142.28225,1
733,158,6,6.033612316209338,51620,22,2,11698,0,0,0,-1,-1,1745794143.28225,1
1471,227,17,1.0667522909295135,0,0,0,0,64260,53,1164,-1,-1,1745794144.28225,1
566,109,6,1.2866617091957693,17902,3389,2,32167,0,0,0,-1,-1,1745794145.28225,1
234,194,6,1.2046240983939036,51203,443,16,61762,0,0,0,-1,-1,1745794146.28225,0
997,95,17,0.9868059606480672,0,0,0,0,29738,161,558,-1,-1,1745794147.28225,0
683,170,6,6.646820768152182,6955,3389,24,45959,0,0,0,-1,-1,1745794148.28225,1
1137,153,17,7.159012392666976,0,0,0,0,14574,161,523,-1,-1,1745794149.28225,0
1445,221,17,1.274335038481234,0,0,0,0,51259,53,1493,-1,-1,1745794150.28225,0
1384,39,6,0.3328239327488376,61447,22,24,54046,0,0,0,-1,-1,1745794151.28225,1
1138,46,17,7.8446450160932395,0,0,0,0,28553,123,103,-1,-1,1745794152.28225,0
233,216,6,4.548010499006813,36266,3389,2,8898,0,0,0,-1,-1,1745794153.28225,0
264,156,1,3.1943364837539736,0,0,0,0,0,0,0,0,0,1745794154.28225,1
1418,233,17,6.765334847953314,0,0,0,0,58359,161,723,-1,-1,1745794155.28225,1
211,233,1,5.348557061196907,0,0,0,0,0,0,0,8,0,1745794156.28225,0
465,96,6,2.720071223862062,39738,80,24,45665,0,0,0,-1,-1,1745794157.28225,0
864,45,6,3.471934776914452,17133,1024,24,58109,0,0,0,-1,-1,1745794158.28225,0
616,136,17,1.493045404373107,0,0,0,0,12004,53,425,-1,-1,1745794159.28225,1
565,247,1,6.5812507988473845,0,0,0,0,0,0,0,8,0,1745794160.28225,1
983,77,17,0.5613072605025353,0,0,0,0,8474,123,1094,-1,-1,1745794161.28225,0
104,225,17,6.026520370338483,0,0,0,0,2987,53,151,-1,-1,1745794162.28225,1
358,210,1,4.144374857688327,0,0,0,0,0,0,0,8,0,1745794163.28225,1
796,82,1,1.265803893365189,0,0,0,0,0,0,0,0,0,1745794164.28225,0
981,45,1,5.918686158728355,0,0,0,0,0,0,0,8,0,1745794165.28225,0
718,127,6,3.753381433544827,17591,22,24,36262,0,0,0,-1,-1,1745794166.28225,1
1464,172,6,3.1558908081771264,32106,80,16,23310,0,0,0,-1,-1,1745794167.28225,1
1083,44,17,2.1983019517741678,0,0,0,0,35954,123,745,-1,-1,1745794168.28225,0
51,142,1,6.9546591995509095,0,0,0,0,0,0,0,8,0,1745794169.28225,0
690,38,6,1.4923280315344112,59427,1024,16,16136,0,0,0,-1,-1,1745794170.28225,0
1233,90,6,3.1094757203418357,9013,3389,24,26314,0,0,0,-1,-1,1745794171.28225,0
1272,230,6,5.677288999981702,15886,443,2,55478,0,0,0,-1,-1,1745794172.28225,1
343,93,17,0.734409296544027,0,0,0,0,10765,53,1362,-1,-1,1745794173.28225,0
1451,227,6,5.19796286426384,52811,22,2,36811,0,0,0,-1,-1,1745794174.28225,0
230,138,1,4.157183557985081,0,0,0,0,0,0,0,8,0,1745794175.28225,1
777,131,6,4.490448991228916,24417,443,24,12031,0,0,0,-1,-1,1745794176.28225,0
748,102,1,1.0992508844291233,0,0,0,0,0,0,0,0,0,1745794177.28225,0
455,86,6,6.582675790322574,54016,22,24,34729,0,0,0,-1,-1,1745794178.28225,1
1280,74,6,6.533279353842649,61841,443,24,10583,0,0,0,-1,-1,1745794179.28225,0
890,41,1,2.191378272553786,0,0,0,0,0,0,0,0,0,1745794180.28225,0
176,89,17,1.4456205381654046,0,0,0,0,16370,53,633,-1,-1,1745794181.28225,0
916,252,6,3.877795290887893,33929,80,16,50317,0,0,0,-1,-1,1745794182.28225,0
258,182,17,6.1207306269922075,0,0,0,0,15942,123,425,-1,-1,1745794183.28225,0
1355,158,17,2.643253978555424,0,0,0,0,33248,53,353,-1,-1,1745794184.28225,0
1132,97,17,2.754279085012012,0,0,0,0,58460,123,537,-1,-1,1745794185.28225,1
655,209,1,1.5977259505659527,0,0,0,0,0,0,0,8,0,1745794186.28225,1
926,114,6,1.143720964728188,21805,22,16,59829,0,0,0,-1,-1,1745794187.28225,1
1167,89,1,4.034319152264769,0,0,0,0,0,0,0,8,0,1745794188.28225,0
1094,213,6,2.997909901128641,48994,22,2,60014,0,0,0,-1,-1,1745794189.28225,1
611,227,6,0.62431456304527,37549,1024,2,17281,0,0,0,-1,-1,1745794190.28225,1
692,165,1,4.744326453194522,0,0,0,0,0,0,0,8,0,1745794191.28225,1
876,144,1,4.26698906094465,0,0,0,0,0,0,0,8,0,1745794192.28225,1
589,202,1,2.089852860023549,0,0,0,0,0,0,0,8,0,1745794193.28225,1
385,241,1,0.13695169005969632,0,0,0,0,0,0,0,0,0,1745794194.28225,0
930,117,1,6.745549478009868,0,0,0,0,0,0,0,8,0,1745794195.28225,0
1148,89,6,6.704375930532625,54784,3389,16,21532,0,0,0,-1,-1,1745794196.28225,0
784,34,17,3.854065725993526,0,0,0,0,7755,161,752,-1,-1,1745794197.28225,1
1492,33,1,2.6463121473169835,0,0,0,0,0,0,0,0,0,1745794198.28225,1
435,176,17,6.657735440000094,0,0,0,0,4579,161,1448,-1,-1,1745794199.28225,1
762,252,1,2.850868853362213,0,0,0,0,0,0,0,8,0,1745794200.28225,0
1413,74,6,2.959685835226571,62893,80,24,55526,0,0,0,-1,-1,1745794201.28225,0
557,32,1,1.9920214833062397,0,0,0,0,0,0,0,8,0,1745794202.28225,0
1128,206,1,0.05653530908350568,0,0,0,0,0,0,0,0,0,1745794203.28225,1
1316,79,6,4.414172301666816,56560,1024,16,37351,0,0,0,-1,-1,1745794204.28225,1
518,133,1,3.9921069203103396,0,0,0,0,0,0,0,0,0,1745794205.28225,0
116,219,17,7.810641197497708,0,0,0,0,20332,161,802,-1,-1,1745794206.28225,1
627,64,17,5.02637471850147,0,0,0,0,36433,53,563,-1,-1,1745794207.28225,0
1428,101,6,3.485583443701385,20735,80,16,38259,0,0,0,-1,-1,1745794208.28225,0
1306,158,1,4.19532803132753,0,0,0,0,0,0,0,0,0,1745794209.28225,1
863,52,1,5.5415872678160225,0,0,0,0,0,0,0,8,0,1745794210.28225,1
754,35,1,5.406438614644466,0,0,0,0,0,0,0,8,0,1745794211.28225,0
352,150,6,2.7735992208808113,36881,443,24,45975,0,0,0,-1,-1,1745794212.28225,0
1346,153,1,1.017631593783773,0,0,0,0,0,0,0,0,0,1745794213.28225,1
927,172,6,2.1259585942686554,54564,22,2,8198,0,0,0,-1,-1,1745794214.28225,0
459,198,1,2.91371251203065,0,0,0,0,0,0,0,0,0,1745794215.28225,1
402,213,17,7.012081125253981,0,0,0,0,31679,123,1044,-1,-1,1745794216.28225,0
454,213,6,2.541776126283546,26435,1024,24,6941,0,0,0,-1,-1,1745794217.28225,0
594,32,17,0.3539818874122016,0,0,0,0,43934,123,532,-1,-1,1745794218.28225,1
152,86,6,3.8084090749491244,47616,3389,24,11555,0,0,0,-1,-1,1745794219.28225,1
1419,60,17,4.056690959334202,0,0,0,0,5302,53,1311,-1,-1,1745794220.28225,0
63,45,1,5.959943256491154,0,0,0,0,0,0,0,8,0,1745794221.28225,1
1071,192,17,1.7826252092751407,0,0,0,0,52116,123,1075,-1,-1,1745794222.28225,0
734,125,6,6.6104689117981374,40089,80,24,16916,0,0,0,-1,-1,1745794223.28225,1
287,78,6,0.677184734954924,41097,443,24,19092,0,0,0,-1,-1,1745794224.28225,1
104,219,6,2.901810351696083,18122,22,2,35003,0,0,0,-1,-1,1745794225.28225,0
1201,49,6,2.5272795584620384,11300,1024,24,40145,0,0,0,-1,-1,1745794226.28225,0
483,250,6,7.6288978833021055,57019,1024,24,63652,0,0,0,-1,-1,1745794227.28225,1
554,253,6,6.27449702410627,24086,80,16,43416,0,0,0,-1,-1,1745794228.28225,0
228,55,6,5.300258221600337,8575,80,2,39402,0,0,0,-1,-1,1745794229.28225,0
764,50,6,7.5005472114621154,35778,1024,24,9050,0,0,0,-1,-1,1745794230.28225,0
289,108,6,2.598403902656914,15265,443,16,40350,0,0,0,-1,-1,1745794231.28225,1
1499,46,1,5.181064010661834,0,0,0,0,0,0,0,8,0,1745794232.28225,1
939,166,1,1.951768797468226,0,0,0,0,0,0,0,0,0,1745794233.28225,1
850,235,17,4.0737120120254815,0,0,0,0,48704,123,1174,-1,-1,1745794234.28225,1
654,181,1,0.1431098650789835,0,0,0,0,0,0,0,0,0,1745794235.28225,1
986,251,6,4.630610031808895,57933,1024,16,49214,0,0,0,-1,-1,1745794236.28225,0
1275,220,17,7.905637688188611,0,0,0,0,58067,161,327,-1,-1,1745794237.28225,1
338,205,17,6.383437309664197,0,0,0,0,42566,161,1118,-1,-1,1745794238.28225,0
1217,122,17,2.1016869143159136,0,0,0,0,20296,123,1129,-1,-1,1745794239.28225,1
1419,162,6,3.026250087823599,60318,1024,16,8752,0,0,0,-1,-1,1745794240.28225,0
1361,50,6,6.208236881556406,53810,443,2,47341,0,0,0,-1,-1,1745794241.28225,0
1083,50,6,7.804310782625116,41846,3389,24,15262,0,0,0,-1,-1,1745794242.28225,1
491,34,6,7.164787228486951,55418,1024,16,36832,0,0,0,-1,-1,1745794243.28225,1
927,154,17,6.4744369963952675,0,0,0,0,47186,53,663,-1,-1,1745794244.28225,1
472,176,1,2.5542041389834482,0,0,0,0,0,0,0,0,0,1745794245.28225,0
866,202,6,3.9752455247572227,6215,1024,16,47319,0,0,0,-1,-1,1745794246.28225,0
1290,211,1,4.997626876517347,0,0,0,0,0,0,0,8,0,1745794247.28225,1
1022,126,1,4.249904104218869,0,0,0,0,0,0,0,8,0,1745794248.28225,1
1150,165,1,0.7829349086662543,0,0,0,0,0,0,0,8,0,1745794249.28225,0
724,184,6,3.077403139763235,48428,1024,24,33066,0,0,0,-1,-1,1745794250.28225,0
711,49,1,1.7153612658293715,0,0,0,0,0,0,0,8,0,1745794251.28225,0
1296,48,17,4.181891137399459,0,0,0,0,64204,161,154,-1,-1,1745794252.28225,1
859,104,6,7.1892109780980125,39620,80,2,13835,0,0,0,-1,-1,1745794253.28225,0
684,220,1,0.735669878328034,0,0,0,0,0,0,0,0,0,1745794254.28225,1
1461,194,17,1.003602261614156,0,0,0,0,24539,123,756,-1,-1,1745794255.28225,0
910,102,1,7.477513205267957,0,0,0,0,0,0,0,0,0,1745794256.28225,0
584,124,1,0.8208451634976948,0,0,0,0,0,0,0,0,0,1745794257.28225,0
1306,95,6,1.1502993503358168,62963,443,16,38320,0,0,0,-1,-1,1745794258.28225,1
1498,207,6,2.0025248057879264,21537,1024,2,61926,0,0,0,-1,-1,1745794259.28225,0
1370,143,6,4.81218857534845,35327,22,16,12245,0,0,0,-1,-1,1745794260.28225,1
76,92,17,4.99921949723684,0,0,0,0,25901,161,336,-1,-1,1745794261.28225,1
1350,209,17,1.9953797398034565,0,0,0,0,10439,161,261,-1,-1,1745794262.28225,0
1152,57,6,3.1710310733229434,31694,1024,2,34669,0,0,0,-1,-1,1745794263.28225,0
227,202,1,3.9170659392782587,0,0,0,0,0,0,0,0,0,1745794264.28225,1
353,232,17,5.832784991615451,0,0,0,0,51087,53,992,-1,-1,1745794265.28225,1
1393,81,1,6.068027218698928,0,0,0,0,0,0,0,8,0,1745794266.28225,0
72,124,17,1.7471421232219244,0,0,0,0,50878,161,241,-1,-1,1745794267.28225,1
465,113,1,4.018785315404487,0,0,0,0,0,0,0,8,0,1745794268.28225,0
987,187,17,6.041971263492254,0,0,0,0,11537,123,1398,-1,-1,1745794269.28225,0
225,124,6,3.866476219914391,58151,80,2,64174,0,0,0,-1,-1,1745794270.28225,0
447,203,17,4.252892779622706,0,0,0,0,7346,161,16,-1,-1,1745794271.28225,0
640,76,6,5.728326586198192,56796,22,16,59986,0,0,0,-1,-1,1745794272.28225,1
1364,197,17,6.203965562590691,0,0,0,0,31491,123,941,-1,-1,1745794273.28225,1
104,252,17,3.548195013712343,0,0,0,0,10417,53,1311,-1,-1,1745794274.28225,1
538,38,6,2.740781009509906,48201,80,24,64521,0,0,0,-1,-1,1745794275.28225,1
455,45,1,6.835912766779175,0,0,0,0,0,0,0,8,0,1745794276.28225,0
1279,242,17,1.7368321293603008,0,0,0,0,20227,53,507,-1,-1,1745794277.28225,0
44,166,6,2.548772818279498,3264,3389,24,62548,0,0,0,-1,-1,1745794278.28225,1
606,226,17,1.5964834233998833,0,0,0,0,57109,123,823,-1,-1,1745794279.28225,0
717,145,1,5.568882448611892,0,0,0,0,0,0,0,8,0,1745794280.28225,0
1181,115,17,6.617909842986309,0,0,0,0,55051,161,259,-1,-1,1745794281.28225,1
661,70,1,4.647541435695018,0,0,0,0,0,0,0,0,0,1745794282.28225,1
775,107,1,3.9981792094345066,0,0,0,0,0,0,0,8,0,1745794283.28225,0
345,114,17,2.962175375986571,0,0,0,0,54080,123,1048,-1,-1,1745794284.28225,0
1062,235,17,2.7961901421318522,0,0,0,0,21344,123,1131,-1,-1,1745794285.28225,0
744,254,6,0.3448394801900827,14590,1024,24,44090,0,0,0,-1,-1,1745794286.28225,0
755,229,1,7.902545569217799,0,0,0,0,0,0,0,8,0,1745794287.28225,0
1445,185,1,3.0625321364868725,0,0,0,0,0,0,0,8,0,1745794288.28225,1
1379,83,6,7.1477349339963485,63909,443,2,37092,0,0,0,-1,-1,1745794289.28225,1
627,128,6,4.442831270153534,7805,22,16,15002,0,0,0,-1,-1,1745794290.28225,1
353,119,17,6.699207051550421,0,0,0,0,38639,53,701,-1,-1,1745794291.28225,1
1315,118,1,4.604346087595455,0,0,0,0,0,0,0,8,0,1745794292.28225,0
701,156,1,0.5404245584280742,0,0,0,0,0,0,0,8,0,1745794293.28225,1
1474,250,17,3.9166418039701174,0,0,0,0,30318,123,293,-1,-1,1745794294.28225,0
1132,145,1,5.4095294051548235,0,0,0,0,0,0,0,8,0,1745794295.28225,0
251,122,6,0.995495867259856,16790,22,16,62965,0,0,0,-1,-1,1745794296.28225,0
221,239,1,1.1000807689235819,0,0,0,0,0,0,0,8,0,1745794297.28225,0
255,194,17,1.2715820219187979,0,0,0,0,34852,53,870,-1,-1,1745794298.28225,1
789,242,1,7.065904636217166,0,0,0,0,0,0,0,8,0,1745794299.28225,0
383,93,1,3.669405982115766,0,0,0,0,0,0,0,8,0,1745794300.28225,0
101,248,6,2.2837024471058083,31842,80,24,50692,0,0,0,-1,-1,1745794301.28225,0
121,216,17,4.877488998843072,0,0,0,0,31440,53,887,-1,-1,1745794302.28225,1
904,103,1,1.910445433668393,0,0,0,0,0,0,0,8,0,1745794303.28225,0
1032,52,6,1.0292222475548654,36050,1024,2,12273,0,0,0,-1,-1,1745794304.28225,0
802,237,17,6.908393114440107,0,0,0,0,6666,161,833,-1,-1,1745794305.28225,1
427,94,17,5.091509454726437,0,0,0,0,20992,123,1158,-1,-1,1745794306.28225,0
1206,85,1,5.571641184369594,0,0,0,0,0,0,0,0,0,1745794307.28225,1
435,156,1,0.9186095803081793,0,0,0,0,0,0,0,0,0,1745794308.28225,0
98,50,1,6.413027073007678,0,0,0,0,0,0,0,8,0,1745794309.28225,0
388,62,17,7.1642717352756495,0,0,0,0,56766,161,1095,-1,-1,1745794310.28225,1
1391,133,1,5.897327544097454,0,0,0,0,0,0,0,0,0,1745794311.28225,0
674,238,1,0.443188917944803,0,0,0,0,0,0,0,8,0,1745794312.28225,0
1287,201,1,3.992129017572932,0,0,0,0,0,0,0,8,0,1745794313.28225,0
1257,251,17,4.069028425165165,0,0,0,0,9144,53,514,-1,-1,1745794314.28225,1
304,196,6,6.271605106145519,51149,3389,24,52419,0,0,0,-1,-1,1745794315.28225,0
1466,120,1,1.4899559357232182,0,0,0,0,0,0,0,0,0,1745794316.28225,0
312,82,1,3.6584487392227727,0,0,0,0,0,0,0,8,0,1745794317.28225,1
285,208,6,4.881561188947199,13584,443,2,35946,0,0,0,-1,-1,1745794318.28225,1
425,220,6,4.312752124326614,1081,1024,2,46875,0,0,0,-1,-1,1745794319.28225,1
629,121,1,5.529233965107448,0,0,0,0,0,0,0,8,0,1745794320.28225,1
1244,95,17,6.8876490391401175,0,0,0,0,63600,161,435,-1,-1,1745794321.28225,0
1055,101,1,0.3561359609677055,0,0,0,0,0,0,0,0,0,1745794322.28225,1
634,126,1,4.354185332913885,0,0,0,0,0,0,0,8,0,1745794323.28225,0
390,175,17,0.7796726404567522,0,0,0,0,21216,123,323,-1,-1,1745794324.28225,1
858,158,6,3.2185017502085778,14104,3389,16,50360,0,0,0,-1,-1,1745794325.28225,1
872,198,6,3.5853203485772402,42985,3389,24,35594,0,0,0,-1,-1,1745794326.28225,1
411,194,1,7.163768646568415,0,0,0,0,0,0,0,8,0,1745794327.28225,0
1062,204,1,5.00956178074564,0,0,0,0,0,0,0,0,0,1745794328.28225,0
148,168,1,1.7551305752768886,0,0,0,0,0,0,0,0,0,1745794329.28225,0
1378,112,6,4.421391176049855,47203,80,24,58695,0,0,0,-1,-1,1745794330.28225,1
625,244,17,0.7226603915411385,0,0,0,0,56356,53,132,-1,-1,1745794331.28225,0
431,234,6,6.848645353354583,65474,3389,16,6665,0,0,0,-1,-1,1745794332.28225,1
1376,130,6,2.3585439862350004,58900,22,16,19079,0,0,0,-1,-1,1745794333.28225,1
1074,85,1,5.581475258800868,0,0,0,0,0,0,0,8,0,1745794334.28225,1
736,156,17,5.168106590378222,0,0,0,0,31324,161,1164,-1,-1,1745794335.28225,1
1370,151,17,2.6968139042614494,0,0,0,0,28716,123,1056,-1,-1,1745794336.28225,0
45,116,1,5.6226514822848594,0,0,0,0,0,0,0,0,0,1745794337.28225,0
790,226,17,5.689338979407584,0,0,0,0,18648,123,185,-1,-1,1745794338.28225,1
91,244,6,3.6124596476418196,17861,22,2,64545,0,0,0,-1,-1,1745794339.28225,0
498,75,17,5.29090286183797,0,0,0,0,30588,123,1414,-1,-1,1745794340.28225,0
429,108,6,5.664334705501188,30411,1024,24,38221,0,0,0,-1,-1,1745794341.28225,1
1012,141,1,4.924972377803797,0,0,0,0,0,0,0,8,0,1745794342.28225,0
1288,59,6,5.684367422208592,8943,443,2,27110,0,0,0,-1,-1,1745794343.28225,0
857,208,1,7.714045629054999,0,0,0,0,0,0,0,8,0,1745794344.28225,1
1403,65,17,4.697054289951931,0,0,0,0,14818,53,240,-1,-1,1745794345.28225,1
395,108,1,3.41263640848221,0,0,0,0,0,0,0,8,0,1745794346.28225,1
719,67,17,7.663608377971207,0,0,0,0,46321,123,921,-1,-1,1745794347.28225,0
1101,114,17,6.0505386046590095,0,0,0,0,23699,161,597,-1,-1,1745794348.28225,0
564,224,6,3.2086539381167674,4303,3389,24,11774,0,0,0,-1,-1,1745794349.28225,1
734,59,6,5.471313909263215,61849,1024,16,30227,0,0,0,-1,-1,1745794350.28225,1
1073,252,1,4.297647938469132,0,0,0,0,0,0,0,8,0,1745794351.28225,0
1043,154,6,3.3044802243319618,50353,3389,16,20503,0,0,0,-1,-1,1745794352.28225,1
1350,135,1,3.798092460849876,0,0,0,0,0,0,0,0,0,1745794353.28225,1
348,204,6,5.072660948102317,37326,443,24,8797,0,0,0,-1,-1,1745794354.28225,1
1194,201,1,3.7625256404524148,0,0,0,0,0,0,0,8,0,1745794355.28225,1
1217,37,1,6.944017903614771,0,0,0,0,0,0,0,8,0,1745794356.28225,0
659,175,1,4.688338664752728,0,0,0,0,0,0,0,8,0,1745794357.28225,0
42,150,17,6.249430712706241,0,0,0,0,64865,53,1265,-1,-1,1745794358.28225,0
525,64,1,6.29147883147645,0,0,0,0,0,0,0,8,0,1745794359.28225,0
824,201,1,0.494356375220951,0,0,0,0,0,0,0,0,0,1745794360.28225,0
452,203,6,4.175735756802476,61491,80,2,59925,0,0,0,-1,-1,1745794361.28225,0
684,215,1,3.183184321981768,0,0,0,0,0,0,0,0,0,1745794362.28225,0
510,61,17,6.3084969125059,0,0,0,0,44961,53,920,-1,-1,1745794363.28225,0
223,201,6,1.3860941611756488,19420,80,2,64765,0,0,0,-1,-1,1745794364.28225,0
686,99,6,1.0073999389955475,9795,22,24,11195,0,0,0,-1,-1,1745794365.28225,0
704,111,17,6.618612219268368,0,0,0,0,47232,123,1015,-1,-1,1745794366.28225,0
862,130,1,7.491323181514588,0,0,0,0,0,0,0,8,0,1745794367.28225,1
456,189,1,3.82155954071703,0,0,0,0,0,0,0,0,0,1745794368.28225,1
63,183,1,0.23891664906266552,0,0,0,0,0,0,0,8,0,1745794369.28225,1
280,173,1,3.870903044672769,0,0,0,0,0,0,0,0,0,1745794370.28225,0
614,121,17,2.7964244561166334,0,0,0,0,26399,123,293,-1,-1,1745794371.28225,0
1214,243,17,2.0736206645692272,0,0,0,0,30783,53,1222,-1,-1,1745794372.28225,1
1036,117,1,3.1708584167666753,0,0,0,0,0,0,0,0,0,1745794373.28225,1
203,45,6,3.8286660686103593,35173,22,24,50026,0,0,0,-1,-1,1745794374.28225,1
216,118,17,7.276920644485458,0,0,0,0,5724,53,1292,-1,-1,1745794375.28225,0
1115,168,17,7.301830345057158,0,0,0,0,1378,123,311,-1,-1,1745794376.28225,1
902,249,1,6.328611731901466,0,0,0,0,0,0,0,8,0,1745794377.28225,0
522,203,6,7.627431775169593,63907,3389,2,31681,0,0,0,-1,-1,1745794378.28225,1
958,167,6,4.046779246246789,63637,3389,2,12860,0,0,0,-1,-1,1745794379.28225,1
545,175,6,6.4267999584273054,36903,3389,24,23267,0,0,0,-1,-1,1745794380.28225,0
155,202,17,1.388606159193941,0,0,0,0,41086,123,553,-1,-1,1745794381.28225,0
784,49,1,7.766388825098946,0,0,0,0,0,0,0,8,0,1745794382.28225,1
678,137,6,4.617684281742139,51565,1024,16,28834,0,0,0,-1,-1,1745794383.28225,1
922,196,17,6.405508951657384,0,0,0,0,13118,161,567,-1,-1,1745794384.28225,0
1179,98,6,5.509428444929828,26955,443,16,36252,0,0,0,-1,-1,1745794385.28225,1
321,198,17,5.873909784883217,0,0,0,0,52487,161,1491,-1,-1,1745794386.28225,1
250,57,6,3.7194140962638036,11122,3389,16,60100,0,0,0,-1,-1,1745794387.28225,1
1052,154,1,7.7186505247967006,0,0,0,0,0,0,0,8,0,1745794388.28225,0
844,185,1,1.4230826062994506,0,0,0,0,0,0,0,8,0,1745794389.28225,0
889,37,17,0.0643056998600624,0,0,0,0,38572,53,431,-1,-1,1745794390.28225,0
877,210,6,2.2346400852282136,6215,443,2,50032,0,0,0,-1,-1,1745794391.28225,1
51,83,17,3.048285269519873,0,0,0,0,17623,123,1410,-1,-1,1745794392.28225,1
324,134,17,0.6046272712410774,0,0,0,0,20788,53,434,-1,-1,1745794393.28225,1
338,211,1,7.844260296565056,0,0,0,0,0,0,0,8,0,1745794394.28225,0
358,136,6,5.491232121677575,8289,80,2,2063,0,0,0,-1,-1,1745794395.28225,0
362,229,1,7.350176849622234,0,0,0,0,0,0,0,8,0,1745794396.28225,0
490,166,6,1.6729448652507033,2626,22,16,37567,0,0,0,-1,-1,1745794397.28225,1
1248,49,1,2.7339809363107612,0,0,0,0,0,0,0,8,0,1745794398.28225,0
994,59,6,0.2579622363626193,5262,1024,2,38924,0,0,0,-1,-1,1745794399.28225,1
430,164,6,6.085551577365454,31055,22,24,27982,0,0,0,-1,-1,1745794400.28225,0
476,110,6,1.3406235389764163,17602,80,16,32352,0,0,0,-1,-1,1745794401.28225,0
471,64,1,3.8892999282407343,0,0,0,0,0,0,0,8,0,1745794402.28225,1
905,91,6,5.464822421634856,54222,1024,16,44028,0,0,0,-1,-1,1745794403.28225,0
645,69,1,3.756452867665087,0,0,0,0,0,0,0,8,0,1745794404.28225,0
1452,109,1,4.83646402259988,0,0,0,0,0,0,0,8,0,1745794405.28225,1
1050,218,6,7.432000085050442,45960,22,16,61251,0,0,0,-1,-1,1745794406.28225,1
273,75,1,0.7896226313680801,0,0,0,0,0,0,0,0,0,1745794407.28225,1
327,113,17,4.56534630334112,0,0,0,0,54879,161,482,-1,-1,1745794408.28225,0
717,220,6,5.450146735860987,14360,22,24,37943,0,0,0,-1,-1,1745794409.28225,1
869,239,17,5.767826585280311,0,0,0,0,57859,161,437,-1,-1,1745794410.28225,0
144,141,6,2.1632138015526463,54382,22,2,22263,0,0,0,-1,-1,1745794411.28225,1
1069,58,6,3.6214293491353864,42759,1024,24,32323,0,0,0,-1,-1,1745794412.28225,1
976,93,17,5.369305519316202,0,0,0,0,24917,123,1075,-1,-1,1745794413.28225,0
1095,51,17,0.21640616243894684,0,0,0,0,29839,123,639,-1,-1,1745794414.28225,1
1312,120,1,0.3030422562922146,0,0,0,0,0,0,0,0,0,1745794415.28225,1
1357,156,17,1.7912978138313864,0,0,0,0,13274,161,1351,-1,-1,1745794416.28225,1
1365,75,6,1.3184970681696981,38095,443,16,20470,0,0,0,-1,-1,1745794417.28225,0
134,161,17,4.302678546971116,0,0,0,0,24303,53,1064,-1,-1,1745794418.28225,1
812,116,17,7.141366159954069,0,0,0,0,44622,123,1369,-1,-1,1745794419.28225,1
146,166,1,0.2271534151898189,0,0,0,0,0,0,0,0,0,1745794420.28225,1
929,52,1,6.183675777173574,0,0,0,0,0,0,0,0,0,1745794421.28225,0
1334,116,17,6.876030605291586,0,0,0,0,44365,53,977,-1,-1,1745794422.28225,1
262,205,1,6.313918486507867,0,0,0,0,0,0,0,0,0,1745794423.28225,0
1479,250,17,5.821192411876436,0,0,0,0,41347,123,1437,-1,-1,1745794424.28225,1
729,104,1,0.23142025604850858,0,0,0,0,0,0,0,0,0,1745794425.28225,1
1095,182,1,0.18664017093943563,0,0,0,0,0,0,0,8,0,1745794426.28225,1
345,164,1,2.4727797098857263,0,0,0,0,0,0,0,0,0,1745794427.28225,1
793,95,1,1.1330300465144898,0,0,0,0,0,0,0,8,0,1745794428.28225,0
1010,164,17,5.167679920565404,0,0,0,0,32429,161,249,-1,-1,1745794429.28225,0
429,151,6,4.878475883473176,27295,22,2,22217,0,0,0,-1,-1,1745794430.28225,0
181,224,1,7.429355970481698,0,0,0,0,0,0,0,0,0,1745794431.28225,1
146,97,17,0.15085238124008793,0,0,0,0,53281,123,1261,-1,-1,1745794432.28225,1
1040,159,17,5.707162838877817,0,0,0,0,2407,161,1108,-1,-1,1745794433.28225,1
160,61,1,0.16081019893831616,0,0,0,0,0,0,0,0,0,1745794434.28225,1
1478,40,17,1.617841190854998,0,0,0,0,50199,123,666,-1,-1,1745794435.28225,0
526,159,6,3.4435120239090793,56607,3389,16,43737,0,0,0,-1,-1,1745794436.28225,1
271,49,6,3.055734465791491,42320,22,16,30990,0,0,0,-1,-1,1745794437.28225,1
969,208,1,6.260743721728573,0,0,0,0,0,0,0,8,0,1745794438.28225,0
1286,121,1,7.440602546992304,0,0,0,0,0,0,0,8,0,1745794439.28225,0
581,176,17,0.9923786190919248,0,0,0,0,24482,161,101,-1,-1,1745794440.28225,0
966,197,6,5.333813945458389,58087,443,2,2962,0,0,0,-1,-1,1745794441.28225,0
243,219,1,7.797081115799994,0,0,0,0,0,0,0,8,0,1745794442.28225,1
1216,148,1,5.438915470277704,0,0,0,0,0,0,0,0,0,1745794443.28225,1
1468,175,1,1.1557530170166412,0,0,0,0,0,0,0,8,0,1745794444.28225,0
1033,111,1,7.050946448832544,0,0,0,0,0,0,0,8,0,1745794445.28225,1
328,221,6,5.287988209764771,26499,1024,2,63256,0,0,0,-1,-1,1745794446.28225,0
951,37,6,5.500428930868486,12914,443,24,38761,0,0,0,-1,-1,1745794447.28225,0
938,34,1,0.7163922063570975,0,0,0,0,0,0,0,0,0,1745794448.28225,1
355,207,1,6.837021353596282,0,0,0,0,0,0,0,8,0,1745794449.28225,1
678,45,17,1.2798272569885842,0,0,0,0,46626,53,336,-1,-1,1745794450.28225,0
340,95,1,2.148499155745725,0,0,0,0,0,0,0,0,0,1745794451.28225,0
824,83,6,7.972877137646576,16356,443,2,34066,0,0,0,-1,-1,1745794452.28225,0
98,67,1,2.266357059566121,0,0,0,0,0,0,0,0,0,1745794453.28225,1
715,136,6,6.35622571304909,3181,3389,24,1524,0,0,0,-1,-1,1745794454.28225,0
